date,sku,product_name,category,brand,unit_price,sales,revenue
01-01-2022,APP-2001,Wool Sweater,Apparel,Voyage,1199,1265,1516720
01-02-2022,APP-2001,Wool Sweater,Apparel,Voyage,1203,1223,1471577
01-03-2022,APP-2001,Wool Sweater,Apparel,Voyage,965,1053,1016089
01-04-2022,APP-2001,Wool Sweater,Apparel,Voyage,1211,1026,1242469
01-05-2022,APP-2001,Wool Sweater,Apparel,Voyage,1215,878,1066365
01-06-2022,APP-2001,Wool Sweater,Apparel,Voyage,1219,669,815499
01-07-2022,APP-2001,Wool Sweater,Apparel,Voyage,1223,668,817036
01-08-2022,APP-2001,Wool Sweater,Apparel,Voyage,1227,742,910129
01-09-2022,APP-2001,Wool Sweater,Apparel,Voyage,1231,692,851381
01-10-2022,APP-2001,Wool Sweater,Apparel,Voyage,1235,1124,1388274
01-11-2022,APP-2001,Wool Sweater,Apparel,Voyage,1239,53,65841
01-12-2022,APP-2001,Wool Sweater,Apparel,Voyage,1243,2055,2553970
01-01-2023,APP-2001,Wool Sweater,Apparel,Voyage,1247,1258,1568630
01-02-2023,APP-2001,Wool Sweater,Apparel,Voyage,1001,1170,1170881
01-03-2023,APP-2001,Wool Sweater,Apparel,Voyage,1255,1268,1590853
01-04-2023,APP-2001,Wool Sweater,Apparel,Voyage,1259,1017,1280937
01-05-2023,APP-2001,Wool Sweater,Apparel,Voyage,1263,1026,1295864
01-06-2023,APP-2001,Wool Sweater,Apparel,Voyage,1268,897,1136808
01-07-2023,APP-2001,Wool Sweater,Apparel,Voyage,1272,847,1077011
01-08-2023,APP-2001,Wool Sweater,Apparel,Voyage,1276,731,932966
01-09-2023,APP-2001,Wool Sweater,Apparel,Voyage,1280,974,1246564
01-10-2023,APP-2001,Wool Sweater,Apparel,Voyage,1284,1211,1555084
01-11-2023,APP-2001,Wool Sweater,Apparel,Voyage,1288,1205,1552220
01-12-2023,APP-2001,Wool Sweater,Apparel,Voyage,1034,1638,1693614
01-01-2024,APP-2001,Wool Sweater,Apparel,Voyage,1037,2446,2536654
01-02-2024,APP-2001,Wool Sweater,Apparel,Voyage,1301,1824,2372796
01-03-2024,APP-2001,Wool Sweater,Apparel,Voyage,1305,1112,1450510
01-04-2024,APP-2001,Wool Sweater,Apparel,Voyage,1310,1114,1458806
01-05-2024,APP-2001,Wool Sweater,Apparel,Voyage,1314,833,1095022
01-06-2024,APP-2001,Wool Sweater,Apparel,Voyage,1318,750,988835
01-07-2024,APP-2001,Wool Sweater,Apparel,Voyage,1058,735,777150
01-08-2024,APP-2001,Wool Sweater,Apparel,Voyage,1327,837,1110297
01-09-2024,APP-2001,Wool Sweater,Apparel,Voyage,1331,988,1314404
01-10-2024,APP-2001,Wool Sweater,Apparel,Voyage,1336,1094,1461936
01-11-2024,APP-2001,Wool Sweater,Apparel,Voyage,1340,1409,1887519
01-12-2024,APP-2001,Wool Sweater,Apparel,Voyage,1075,1494,1606342
01-01-2022,APP-2002,Cotton Tee,Apparel,Aurelia,799,2083,1664366
01-02-2022,APP-2002,Cotton Tee,Apparel,Aurelia,641,2152,1379476
01-03-2022,APP-2002,Cotton Tee,Apparel,Aurelia,643,2058,1323203
01-04-2022,APP-2002,Cotton Tee,Apparel,Aurelia,807,1544,1246099
01-05-2022,APP-2002,Cotton Tee,Apparel,Aurelia,810,1624,1315474
01-06-2022,APP-2002,Cotton Tee,Apparel,Aurelia,812,1684,1367195
01-07-2022,APP-2002,Cotton Tee,Apparel,Aurelia,815,1595,1300266
01-08-2022,APP-2002,Cotton Tee,Apparel,Aurelia,817,1393,1138154
01-09-2022,APP-2002,Cotton Tee,Apparel,Aurelia,656,1544,1012798
01-10-2022,APP-2002,Cotton Tee,Apparel,Aurelia,823,1949,1603674
01-11-2022,APP-2002,Cotton Tee,Apparel,Aurelia,826,2694,2225198
01-12-2022,APP-2002,Cotton Tee,Apparel,Aurelia,828,2668,2209409
01-01-2023,APP-2002,Cotton Tee,Apparel,Aurelia,831,2773,2304763
01-02-2023,APP-2002,Cotton Tee,Apparel,Aurelia,834,2367,1973840
01-03-2023,APP-2002,Cotton Tee,Apparel,Aurelia,836,2185,1826446
01-04-2023,APP-2002,Cotton Tee,Apparel,Aurelia,839,1916,1607318
01-05-2023,APP-2002,Cotton Tee,Apparel,Aurelia,842,1816,1528819
01-06-2023,APP-2002,Cotton Tee,Apparel,Aurelia,845,1804,1524571
01-07-2023,APP-2002,Cotton Tee,Apparel,Aurelia,847,3168,2682925
01-08-2023,APP-2002,Cotton Tee,Apparel,Aurelia,850,1467,1247032
01-09-2023,APP-2002,Cotton Tee,Apparel,Aurelia,853,1739,1483525
01-10-2023,APP-2002,Cotton Tee,Apparel,Aurelia,856,1985,1699052
01-11-2023,APP-2002,Cotton Tee,Apparel,Aurelia,687,2869,1970937
01-12-2023,APP-2002,Cotton Tee,Apparel,Aurelia,861,2828,2434514
01-01-2024,APP-2002,Cotton Tee,Apparel,Aurelia,864,2749,2375566
01-02-2024,APP-2002,Cotton Tee,Apparel,Aurelia,867,2409,2088893
01-03-2024,APP-2002,Cotton Tee,Apparel,Aurelia,870,2513,2186012
01-04-2024,APP-2002,Cotton Tee,Apparel,Aurelia,873,2310,2016969
01-05-2024,APP-2002,Cotton Tee,Apparel,Aurelia,876,1951,1709408
01-06-2024,APP-2002,Cotton Tee,Apparel,Aurelia,878,2001,1756911
01-07-2024,APP-2002,Cotton Tee,Apparel,Aurelia,881,188,165307
01-08-2024,APP-2002,Cotton Tee,Apparel,Aurelia,884,1667,1473911
01-09-2024,APP-2002,Cotton Tee,Apparel,Aurelia,887,1937,1718492
01-10-2024,APP-2002,Cotton Tee,Apparel,Aurelia,890,2630,2340515
01-11-2024,APP-2002,Cotton Tee,Apparel,Aurelia,893,2900,2589704
01-12-2024,APP-2002,Cotton Tee,Apparel,Aurelia,896,3010,2697243
01-01-2022,APP-2003,Denim Jeans,Apparel,Aurelia,1499,1282,1921060
01-02-2022,APP-2003,Denim Jeans,Apparel,Aurelia,1504,1062,1597363
01-03-2022,APP-2003,Denim Jeans,Apparel,Aurelia,1509,1215,1832809
01-04-2022,APP-2003,Denim Jeans,Apparel,Aurelia,1514,1034,1565040
01-05-2022,APP-2003,Denim Jeans,Apparel,Aurelia,1519,955,1450357
01-06-2022,APP-2003,Denim Jeans,Apparel,Aurelia,1524,1081,1647167
01-07-2022,APP-2003,Denim Jeans,Apparel,Aurelia,1529,1027,1571036
01-08-2022,APP-2003,Denim Jeans,Apparel,Aurelia,1534,1154,1769850
01-09-2022,APP-2003,Denim Jeans,Apparel,Aurelia,1539,947,1457664
01-10-2022,APP-2003,Denim Jeans,Apparel,Aurelia,1544,1113,1718600
01-11-2022,APP-2003,Denim Jeans,Apparel,Aurelia,1549,2735,4235930
01-12-2022,APP-2003,Denim Jeans,Apparel,Aurelia,1554,1517,2357060
01-01-2023,APP-2003,Denim Jeans,Apparel,Aurelia,1559,1488,2319074
01-02-2023,APP-2003,Denim Jeans,Apparel,Aurelia,1564,1190,1861780
01-03-2023,APP-2003,Denim Jeans,Apparel,Aurelia,1569,1145,1795749
01-04-2023,APP-2003,Denim Jeans,Apparel,Aurelia,1259,1198,1508275
01-05-2023,APP-2003,Denim Jeans,Apparel,Aurelia,1579,929,1466186
01-06-2023,APP-2003,Denim Jeans,Apparel,Aurelia,1585,1094,1734559
01-07-2023,APP-2003,Denim Jeans,Apparel,Aurelia,1272,1798,2287632
01-08-2023,APP-2003,Denim Jeans,Apparel,Aurelia,1595,963,1536480
01-09-2023,APP-2003,Denim Jeans,Apparel,Aurelia,1600,1061,1698139
01-10-2023,APP-2003,Denim Jeans,Apparel,Aurelia,1605,1172,1880899
01-11-2023,APP-2003,Denim Jeans,Apparel,Aurelia,1611,1714,2760950
01-12-2023,APP-2003,Denim Jeans,Apparel,Aurelia,1616,1727,2790904
01-01-2024,APP-2003,Denim Jeans,Apparel,Aurelia,1621,1457,2362372
01-02-2024,APP-2003,Denim Jeans,Apparel,Aurelia,1627,1640,2668236
01-03-2024,APP-2003,Denim Jeans,Apparel,Aurelia,1306,1316,1718627
01-04-2024,APP-2003,Denim Jeans,Apparel,Aurelia,1310,1218,1595949
01-05-2024,APP-2003,Denim Jeans,Apparel,Aurelia,1643,1120,1839792
01-06-2024,APP-2003,Denim Jeans,Apparel,Aurelia,1648,1101,1814947
01-07-2024,APP-2003,Denim Jeans,Apparel,Aurelia,1653,1184,1957908
01-08-2024,APP-2003,Denim Jeans,Apparel,Aurelia,1659,1013,1680409
01-09-2024,APP-2003,Denim Jeans,Apparel,Aurelia,1664,1150,1912968
01-10-2024,APP-2003,Denim Jeans,Apparel,Aurelia,1670,1494,2494726
01-11-2024,APP-2003,Denim Jeans,Apparel,Aurelia,1675,1705,2856282
01-12-2024,APP-2003,Denim Jeans,Apparel,Aurelia,1681,1857,3121566
01-01-2022,APP-2004,Wind Jacket,Apparel,Voyage,1199,2193,2628892
01-02-2022,APP-2004,Wind Jacket,Apparel,Voyage,962,1873,1801718
01-03-2022,APP-2004,Wind Jacket,Apparel,Voyage,1207,1587,1915487
01-04-2022,APP-2004,Wind Jacket,Apparel,Voyage,1211,1493,1808205
01-05-2022,APP-2004,Wind Jacket,Apparel,Voyage,1215,1403,1705104
01-06-2022,APP-2004,Wind Jacket,Apparel,Voyage,1219,1538,1874339
01-07-2022,APP-2004,Wind Jacket,Apparel,Voyage,1223,1175,1436941
01-08-2022,APP-2004,Wind Jacket,Apparel,Voyage,1227,1059,1299226
01-09-2022,APP-2004,Wind Jacket,Apparel,Voyage,985,1340,1320120
01-10-2022,APP-2004,Wind Jacket,Apparel,Voyage,1235,1870,2309885
01-11-2022,APP-2004,Wind Jacket,Apparel,Voyage,1239,1769,2192020
01-12-2022,APP-2004,Wind Jacket,Apparel,Voyage,1243,2127,2644102
01-01-2023,APP-2004,Wind Jacket,Apparel,Voyage,1247,1991,2483270
01-02-2023,APP-2004,Wind Jacket,Apparel,Voyage,1251,2082,2604821
01-03-2023,APP-2004,Wind Jacket,Apparel,Voyage,1255,1530,1919889
01-04-2023,APP-2004,Wind Jacket,Apparel,Voyage,1259,1504,1894069
01-05-2023,APP-2004,Wind Jacket,Apparel,Voyage,1263,2449,3092805
01-06-2023,APP-2004,Wind Jacket,Apparel,Voyage,1268,1417,1796685
01-07-2023,APP-2004,Wind Jacket,Apparel,Voyage,1272,1298,1650780
01-08-2023,APP-2004,Wind Jacket,Apparel,Voyage,1276,1343,1714048
01-09-2023,APP-2004,Wind Jacket,Apparel,Voyage,1280,1437,1838756
01-10-2023,APP-2004,Wind Jacket,Apparel,Voyage,1284,1726,2215761
01-11-2023,APP-2004,Wind Jacket,Apparel,Voyage,1288,2150,2769697
01-12-2023,APP-2004,Wind Jacket,Apparel,Voyage,1293,2451,3169197
01-01-2024,APP-2004,Wind Jacket,Apparel,Voyage,1297,2160,2800936
01-02-2024,APP-2004,Wind Jacket,Apparel,Voyage,1301,2050,2666489
01-03-2024,APP-2004,Wind Jacket,Apparel,Voyage,1305,2938,3833450
01-04-2024,APP-2004,Wind Jacket,Apparel,Voyage,1310,1552,2032519
01-05-2024,APP-2004,Wind Jacket,Apparel,Voyage,1314,1264,1660604
01-06-2024,APP-2004,Wind Jacket,Apparel,Voyage,1318,1388,1828789
01-07-2024,APP-2004,Wind Jacket,Apparel,Voyage,1323,1467,1940442
01-08-2024,APP-2004,Wind Jacket,Apparel,Voyage,1327,1195,1585405
01-09-2024,APP-2004,Wind Jacket,Apparel,Voyage,1331,1440,1916675
01-10-2024,APP-2004,Wind Jacket,Apparel,Voyage,1336,1868,2494984
01-11-2024,APP-2004,Wind Jacket,Apparel,Voyage,1340,2195,2940913
01-12-2024,APP-2004,Wind Jacket,Apparel,Voyage,1344,2173,2920961
01-01-2022,APP-2005,Hoodie,Apparel,Lifestyle Co,799,2296,1834175
01-02-2022,APP-2005,Hoodie,Apparel,Lifestyle Co,802,1870,1499489
01-03-2022,APP-2005,Hoodie,Apparel,Lifestyle Co,804,1706,1371390
01-04-2022,APP-2005,Hoodie,Apparel,Lifestyle Co,807,1714,1383055
01-05-2022,APP-2005,Hoodie,Apparel,Lifestyle Co,810,1474,1194247
01-06-2022,APP-2005,Hoodie,Apparel,Lifestyle Co,812,1332,1081485
01-07-2022,APP-2005,Hoodie,Apparel,Lifestyle Co,652,1084,706603
01-08-2022,APP-2005,Hoodie,Apparel,Lifestyle Co,817,1181,964921
01-09-2022,APP-2005,Hoodie,Apparel,Lifestyle Co,820,1538,1261408
01-10-2022,APP-2005,Hoodie,Apparel,Lifestyle Co,823,2882,2372009
01-11-2022,APP-2005,Hoodie,Apparel,Lifestyle Co,826,4411,3643347
01-12-2022,APP-2005,Hoodie,Apparel,Lifestyle Co,828,2196,1818348
01-01-2023,APP-2005,Hoodie,Apparel,Lifestyle Co,831,2583,2146781
01-02-2023,APP-2005,Hoodie,Apparel,Lifestyle Co,667,2264,1510351
01-03-2023,APP-2005,Hoodie,Apparel,Lifestyle Co,836,1946,1626745
01-04-2023,APP-2005,Hoodie,Apparel,Lifestyle Co,839,1762,1478316
01-05-2023,APP-2005,Hoodie,Apparel,Lifestyle Co,842,1660,1397897
01-06-2023,APP-2005,Hoodie,Apparel,Lifestyle Co,845,1433,1210880
01-07-2023,APP-2005,Hoodie,Apparel,Lifestyle Co,847,1167,988207
01-08-2023,APP-2005,Hoodie,Apparel,Lifestyle Co,850,1156,982215
01-09-2023,APP-2005,Hoodie,Apparel,Lifestyle Co,853,1583,1350563
01-10-2023,APP-2005,Hoodie,Apparel,Lifestyle Co,685,1753,1200680
01-11-2023,APP-2005,Hoodie,Apparel,Lifestyle Co,859,2120,1821366
01-12-2023,APP-2005,Hoodie,Apparel,Lifestyle Co,861,2414,2078263
01-01-2024,APP-2005,Hoodie,Apparel,Lifestyle Co,864,2344,2024981
01-02-2024,APP-2005,Hoodie,Apparel,Lifestyle Co,694,2421,1679917
01-03-2024,APP-2005,Hoodie,Apparel,Lifestyle Co,870,1929,1678447
01-04-2024,APP-2005,Hoodie,Apparel,Lifestyle Co,873,1896,1654845
01-05-2024,APP-2005,Hoodie,Apparel,Lifestyle Co,876,1623,1422017
01-06-2024,APP-2005,Hoodie,Apparel,Lifestyle Co,878,1444,1268047
01-07-2024,APP-2005,Hoodie,Apparel,Lifestyle Co,881,1391,1225443
01-08-2024,APP-2005,Hoodie,Apparel,Lifestyle Co,884,1555,1374997
01-09-2024,APP-2005,Hoodie,Apparel,Lifestyle Co,887,1661,1473662
01-10-2024,APP-2005,Hoodie,Apparel,Lifestyle Co,890,2278,2027466
01-11-2024,APP-2005,Hoodie,Apparel,Lifestyle Co,893,2774,2477400
01-12-2024,APP-2005,Hoodie,Apparel,Lifestyle Co,896,2790,2499670
01-01-2022,APP-2006,Linen Shirt,Apparel,Aurelia,2499,1938,4843281
01-02-2022,APP-2006,Linen Shirt,Apparel,Aurelia,2507,1578,3955930
01-03-2022,APP-2006,Linen Shirt,Apparel,Aurelia,2515,1473,3705655
01-04-2022,APP-2006,Linen Shirt,Apparel,Aurelia,2524,1443,3641108
01-05-2022,APP-2006,Linen Shirt,Apparel,Aurelia,2532,1122,2842153
01-06-2022,APP-2006,Linen Shirt,Apparel,Aurelia,2540,1044,2650580
01-07-2022,APP-2006,Linen Shirt,Apparel,Aurelia,2548,915,2331363
01-08-2022,APP-2006,Linen Shirt,Apparel,Aurelia,2557,952,2433325
01-09-2022,APP-2006,Linen Shirt,Apparel,Aurelia,2565,1065,2730818
01-10-2022,APP-2006,Linen Shirt,Apparel,Aurelia,2574,1257,3236360
01-11-2022,APP-2006,Linen Shirt,Apparel,Aurelia,2582,1602,4136830
01-12-2022,APP-2006,Linen Shirt,Apparel,Aurelia,2590,2052,5313781
01-01-2023,APP-2006,Linen Shirt,Apparel,Aurelia,2599,1954,5077165
01-02-2023,APP-2006,Linen Shirt,Apparel,Aurelia,2607,1690,4406710
01-03-2023,APP-2006,Linen Shirt,Apparel,Aurelia,2616,1461,3820737
01-04-2023,APP-2006,Linen Shirt,Apparel,Aurelia,2625,1349,3541115
01-05-2023,APP-2006,Linen Shirt,Apparel,Aurelia,2633,1199,3157718
01-06-2023,APP-2006,Linen Shirt,Apparel,Aurelia,2642,1122,2965131
01-07-2023,APP-2006,Linen Shirt,Apparel,Aurelia,2650,1235,3272165
01-08-2023,APP-2006,Linen Shirt,Apparel,Aurelia,2659,1282,3409533
01-09-2023,APP-2006,Linen Shirt,Apparel,Aurelia,2668,1229,3280155
01-10-2023,APP-2006,Linen Shirt,Apparel,Aurelia,2141,1630,3490311
01-11-2023,APP-2006,Linen Shirt,Apparel,Aurelia,2685,2058,5526522
01-12-2023,APP-2006,Linen Shirt,Apparel,Aurelia,2694,1740,4686875
01-01-2024,APP-2006,Linen Shirt,Apparel,Aurelia,2703,1972,5329228
01-02-2024,APP-2006,Linen Shirt,Apparel,Aurelia,2712,1892,5130567
01-03-2024,APP-2006,Linen Shirt,Apparel,Aurelia,2721,1648,4484746
01-04-2024,APP-2006,Linen Shirt,Apparel,Aurelia,2730,1536,4194288
01-05-2024,APP-2006,Linen Shirt,Apparel,Aurelia,2191,1213,2657899
01-06-2024,APP-2006,Linen Shirt,Apparel,Aurelia,2747,1388,3813571
01-07-2024,APP-2006,Linen Shirt,Apparel,Aurelia,2756,1161,3199908
01-08-2024,APP-2006,Linen Shirt,Apparel,Aurelia,2765,1082,2991256
01-09-2024,APP-2006,Linen Shirt,Apparel,Aurelia,2775,194,537970
01-10-2024,APP-2006,Linen Shirt,Apparel,Aurelia,2784,1794,4995840
01-11-2024,APP-2006,Linen Shirt,Apparel,Aurelia,2793,2041,5699426
01-12-2024,APP-2006,Linen Shirt,Apparel,Aurelia,2802,3521,9865304
01-01-2022,APP-2007,Track Pants,Apparel,Aurelia,1199,1266,1517620
01-02-2022,APP-2007,Track Pants,Apparel,Aurelia,962,1492,1435564
01-03-2022,APP-2007,Track Pants,Apparel,Aurelia,1207,1313,1584662
01-04-2022,APP-2007,Track Pants,Apparel,Aurelia,1211,1174,1421187
01-05-2022,APP-2007,Track Pants,Apparel,Aurelia,1215,1080,1311788
01-06-2022,APP-2007,Track Pants,Apparel,Aurelia,1219,913,1112616
01-07-2022,APP-2007,Track Pants,Apparel,Aurelia,978,789,772108
01-08-2022,APP-2007,Track Pants,Apparel,Aurelia,1227,904,1109813
01-09-2022,APP-2007,Track Pants,Apparel,Aurelia,1231,989,1217760
01-10-2022,APP-2007,Track Pants,Apparel,Aurelia,1235,1354,1671649
01-11-2022,APP-2007,Track Pants,Apparel,Aurelia,991,1592,1577180
01-12-2022,APP-2007,Track Pants,Apparel,Aurelia,994,1631,1621502
01-01-2023,APP-2007,Track Pants,Apparel,Aurelia,1247,1852,2309251
01-02-2023,APP-2007,Track Pants,Apparel,Aurelia,1251,1573,1968249
01-03-2023,APP-2007,Track Pants,Apparel,Aurelia,1255,1314,1648580
01-04-2023,APP-2007,Track Pants,Apparel,Aurelia,1259,2081,2619562
01-05-2023,APP-2007,Track Pants,Apparel,Aurelia,1263,1536,1939926
01-06-2023,APP-2007,Track Pants,Apparel,Aurelia,1268,1148,1455083
01-07-2023,APP-2007,Track Pants,Apparel,Aurelia,1017,58,58501
01-08-2023,APP-2007,Track Pants,Apparel,Aurelia,1021,830,847206
01-09-2023,APP-2007,Track Pants,Apparel,Aurelia,1280,1623,2077414
01-10-2023,APP-2007,Track Pants,Apparel,Aurelia,1284,1368,1756153
01-11-2023,APP-2007,Track Pants,Apparel,Aurelia,1288,1574,2026770
01-12-2023,APP-2007,Track Pants,Apparel,Aurelia,1293,1654,2138706
01-01-2024,APP-2007,Track Pants,Apparel,Aurelia,1297,1812,2349817
01-02-2024,APP-2007,Track Pants,Apparel,Aurelia,1301,1562,2032171
01-03-2024,APP-2007,Track Pants,Apparel,Aurelia,1305,1329,1734097
01-04-2024,APP-2007,Track Pants,Apparel,Aurelia,1310,1308,1714010
01-05-2024,APP-2007,Track Pants,Apparel,Aurelia,1051,1101,1156985
01-06-2024,APP-2007,Track Pants,Apparel,Aurelia,1318,1140,1502696
01-07-2024,APP-2007,Track Pants,Apparel,Aurelia,1323,950,1256807
01-08-2024,APP-2007,Track Pants,Apparel,Aurelia,1327,1069,1418425
01-09-2024,APP-2007,Track Pants,Apparel,Aurelia,1331,1173,1561794
01-10-2024,APP-2007,Track Pants,Apparel,Aurelia,1336,1243,1660129
01-11-2024,APP-2007,Track Pants,Apparel,Aurelia,1340,1920,2572150
01-12-2024,APP-2007,Track Pants,Apparel,Aurelia,1344,1643,2207704
01-01-2022,APP-2008,Polo Shirt,Apparel,Aurelia,2499,2040,5097858
01-02-2022,APP-2008,Polo Shirt,Apparel,Aurelia,2507,1894,4747613
01-03-2022,APP-2008,Polo Shirt,Apparel,Aurelia,2515,2242,5638329
01-04-2022,APP-2008,Polo Shirt,Apparel,Aurelia,2524,2025,5111091
01-05-2022,APP-2008,Polo Shirt,Apparel,Aurelia,2532,1368,3464841
01-06-2022,APP-2008,Polo Shirt,Apparel,Aurelia,2540,1423,3614844
01-07-2022,APP-2008,Polo Shirt,Apparel,Aurelia,2548,2688,6847799
01-08-2022,APP-2008,Polo Shirt,Apparel,Aurelia,2557,1344,3437711
01-09-2022,APP-2008,Polo Shirt,Apparel,Aurelia,2565,1616,4144203
01-10-2022,APP-2008,Polo Shirt,Apparel,Aurelia,2574,2291,5897609
01-11-2022,APP-2008,Polo Shirt,Apparel,Aurelia,2582,2198,5675412
01-12-2022,APP-2008,Polo Shirt,Apparel,Aurelia,2590,2468,6391145
01-01-2023,APP-2008,Polo Shirt,Apparel,Aurelia,2599,2406,6253536
01-02-2023,APP-2008,Polo Shirt,Apparel,Aurelia,2607,2489,6488225
01-03-2023,APP-2008,Polo Shirt,Apparel,Aurelia,2093,2088,4370471
01-04-2023,APP-2008,Polo Shirt,Apparel,Aurelia,2625,1991,5225173
01-05-2023,APP-2008,Polo Shirt,Apparel,Aurelia,2633,136,356888
01-06-2023,APP-2008,Polo Shirt,Apparel,Aurelia,2642,1714,4528721
01-07-2023,APP-2008,Polo Shirt,Apparel,Aurelia,2650,138,366274
01-08-2023,APP-2008,Polo Shirt,Apparel,Aurelia,2659,1502,3995074
01-09-2023,APP-2008,Polo Shirt,Apparel,Aurelia,2668,1745,4654893
01-10-2023,APP-2008,Polo Shirt,Apparel,Aurelia,2677,2162,5786396
01-11-2023,APP-2008,Polo Shirt,Apparel,Aurelia,2685,2687,7214161
01-12-2023,APP-2008,Polo Shirt,Apparel,Aurelia,2694,2931,7895511
01-01-2024,APP-2008,Polo Shirt,Apparel,Aurelia,2703,2809,7592969
01-02-2024,APP-2008,Polo Shirt,Apparel,Aurelia,2712,2255,6115581
01-03-2024,APP-2008,Polo Shirt,Apparel,Aurelia,2721,2342,6371953
01-04-2024,APP-2008,Polo Shirt,Apparel,Aurelia,2730,2386,6512509
01-05-2024,APP-2008,Polo Shirt,Apparel,Aurelia,2738,2146,5875592
01-06-2024,APP-2008,Polo Shirt,Apparel,Aurelia,2747,1981,5442384
01-07-2024,APP-2008,Polo Shirt,Apparel,Aurelia,2756,1811,4989963
01-08-2024,APP-2008,Polo Shirt,Apparel,Aurelia,2765,1685,4659083
01-09-2024,APP-2008,Polo Shirt,Apparel,Aurelia,2775,1994,5532921
01-10-2024,APP-2008,Polo Shirt,Apparel,Aurelia,2784,2186,6086591
01-11-2024,APP-2008,Polo Shirt,Apparel,Aurelia,2793,3522,9837463
01-12-2024,APP-2008,Polo Shirt,Apparel,Aurelia,2802,2669,7477496
01-01-2022,APP-2009,Cargo Pant,Apparel,Voyage,2499,1142,2853844
01-02-2022,APP-2009,Cargo Pant,Apparel,Voyage,2507,1646,4126054
01-03-2022,APP-2009,Cargo Pant,Apparel,Voyage,2515,1061,2669451
01-04-2022,APP-2009,Cargo Pant,Apparel,Voyage,2524,1080,2726475
01-05-2022,APP-2009,Cargo Pant,Apparel,Voyage,2532,814,2062221
01-06-2022,APP-2009,Cargo Pant,Apparel,Voyage,2032,781,1586451
01-07-2022,APP-2009,Cargo Pant,Apparel,Voyage,2548,708,1803200
01-08-2022,APP-2009,Cargo Pant,Apparel,Voyage,2557,655,1674716
01-09-2022,APP-2009,Cargo Pant,Apparel,Voyage,2565,823,2111269
01-10-2022,APP-2009,Cargo Pant,Apparel,Voyage,2574,1109,2854802
01-11-2022,APP-2009,Cargo Pant,Apparel,Voyage,2582,1407,3632651
01-12-2022,APP-2009,Cargo Pant,Apparel,Voyage,2590,1468,3801047
01-01-2023,APP-2009,Cargo Pant,Apparel,Voyage,2599,293,760720
01-02-2023,APP-2009,Cargo Pant,Apparel,Voyage,2607,1192,3107984
01-03-2023,APP-2009,Cargo Pant,Apparel,Voyage,2616,1239,3240171
01-04-2023,APP-2009,Cargo Pant,Apparel,Voyage,2100,943,1979295
01-05-2023,APP-2009,Cargo Pant,Apparel,Voyage,2633,868,2286344
01-06-2023,APP-2009,Cargo Pant,Apparel,Voyage,2642,789,2085707
01-07-2023,APP-2009,Cargo Pant,Apparel,Voyage,2120,799,1694414
01-08-2023,APP-2009,Cargo Pant,Apparel,Voyage,2659,803,2134890
01-09-2023,APP-2009,Cargo Pant,Apparel,Voyage,2668,802,2140174
01-10-2023,APP-2009,Cargo Pant,Apparel,Voyage,2677,1379,3690556
01-11-2023,APP-2009,Cargo Pant,Apparel,Voyage,2685,1291,3465683
01-12-2023,APP-2009,Cargo Pant,Apparel,Voyage,2694,1823,4912401
01-01-2024,APP-2009,Cargo Pant,Apparel,Voyage,2703,1536,4152942
01-02-2024,APP-2009,Cargo Pant,Apparel,Voyage,2712,1405,3809445
01-03-2024,APP-2009,Cargo Pant,Apparel,Voyage,2177,1425,3102318
01-04-2024,APP-2009,Cargo Pant,Apparel,Voyage,2730,1355,3700180
01-05-2024,APP-2009,Cargo Pant,Apparel,Voyage,2738,1029,2817060
01-06-2024,APP-2009,Cargo Pant,Apparel,Voyage,2747,927,2546002
01-07-2024,APP-2009,Cargo Pant,Apparel,Voyage,2756,817,2251431
01-08-2024,APP-2009,Cargo Pant,Apparel,Voyage,2765,799,2207917
01-09-2024,APP-2009,Cargo Pant,Apparel,Voyage,2775,1105,3065801
01-10-2024,APP-2009,Cargo Pant,Apparel,Voyage,2227,1183,2633665
01-11-2024,APP-2009,Cargo Pant,Apparel,Voyage,2793,1726,4819574
01-12-2024,APP-2009,Cargo Pant,Apparel,Voyage,2802,1743,4884839
01-01-2022,APP-2010,Knit Cardigan,Apparel,Lifestyle Co,1499,1733,2597888
01-02-2022,APP-2010,Knit Cardigan,Apparel,Lifestyle Co,1504,1709,2569854
01-03-2022,APP-2010,Knit Cardigan,Apparel,Lifestyle Co,1509,1649,2488884
01-04-2022,APP-2010,Knit Cardigan,Apparel,Lifestyle Co,1514,1446,2188538
01-05-2022,APP-2010,Knit Cardigan,Apparel,Lifestyle Co,1519,1300,1975007
01-06-2022,APP-2010,Knit Cardigan,Apparel,Lifestyle Co,1524,1078,1642115
01-07-2022,APP-2010,Knit Cardigan,Apparel,Lifestyle Co,1223,1119,1369101
01-08-2022,APP-2010,Knit Cardigan,Apparel,Lifestyle Co,1534,1159,1778512
01-09-2022,APP-2010,Knit Cardigan,Apparel,Lifestyle Co,1539,1222,1880111
01-10-2022,APP-2010,Knit Cardigan,Apparel,Lifestyle Co,1544,1496,2309890
01-11-2022,APP-2010,Knit Cardigan,Apparel,Lifestyle Co,1549,1943,3010125
01-12-2022,APP-2010,Knit Cardigan,Apparel,Lifestyle Co,1243,1877,2333653
01-01-2023,APP-2010,Knit Cardigan,Apparel,Lifestyle Co,1559,2011,3135594
01-02-2023,APP-2010,Knit Cardigan,Apparel,Lifestyle Co,1564,2048,3203362
01-03-2023,APP-2010,Knit Cardigan,Apparel,Lifestyle Co,1569,1808,2837028
01-04-2023,APP-2010,Knit Cardigan,Apparel,Lifestyle Co,1574,1371,2158433
01-05-2023,APP-2010,Knit Cardigan,Apparel,Lifestyle Co,1579,1229,1941228
01-06-2023,APP-2010,Knit Cardigan,Apparel,Lifestyle Co,1585,1335,2116720
01-07-2023,APP-2010,Knit Cardigan,Apparel,Lifestyle Co,1590,1237,1967268
01-08-2023,APP-2010,Knit Cardigan,Apparel,Lifestyle Co,1595,1309,2087327
01-09-2023,APP-2010,Knit Cardigan,Apparel,Lifestyle Co,1600,1326,2121536
01-10-2023,APP-2010,Knit Cardigan,Apparel,Lifestyle Co,1605,1863,2990324
01-11-2023,APP-2010,Knit Cardigan,Apparel,Lifestyle Co,1611,2575,4148561
01-12-2023,APP-2010,Knit Cardigan,Apparel,Lifestyle Co,1616,2380,3846793
01-01-2024,APP-2010,Knit Cardigan,Apparel,Lifestyle Co,1621,2540,4116952
01-02-2024,APP-2010,Knit Cardigan,Apparel,Lifestyle Co,1627,1874,3049473
01-03-2024,APP-2010,Knit Cardigan,Apparel,Lifestyle Co,1632,1883,3073024
01-04-2024,APP-2010,Knit Cardigan,Apparel,Lifestyle Co,1637,1744,2854927
01-05-2024,APP-2010,Knit Cardigan,Apparel,Lifestyle Co,1643,1436,2360094
01-06-2024,APP-2010,Knit Cardigan,Apparel,Lifestyle Co,1648,1467,2418192
01-07-2024,APP-2010,Knit Cardigan,Apparel,Lifestyle Co,1653,1341,2216198
01-08-2024,APP-2010,Knit Cardigan,Apparel,Lifestyle Co,1327,1318,1749074
01-09-2024,APP-2010,Knit Cardigan,Apparel,Lifestyle Co,1664,1655,2753880
01-10-2024,APP-2010,Knit Cardigan,Apparel,Lifestyle Co,1670,2031,3391962
01-11-2024,APP-2010,Knit Cardigan,Apparel,Lifestyle Co,1340,2524,3382777
01-12-2024,APP-2010,Knit Cardigan,Apparel,Lifestyle Co,1681,2387,4011964
01-01-2022,FTW-3001,Sport Sneaker,Footwear,Fastrack,3499,1449,5069218
01-02-2022,FTW-3001,Sport Sneaker,Footwear,Fastrack,3510,1345,4719887
01-03-2022,FTW-3001,Sport Sneaker,Footwear,Fastrack,3522,1495,5266731
01-04-2022,FTW-3001,Sport Sneaker,Footwear,Fastrack,3533,1741,6152084
01-05-2022,FTW-3001,Sport Sneaker,Footwear,Fastrack,3545,1927,6832443
01-06-2022,FTW-3001,Sport Sneaker,Footwear,Fastrack,3557,2366,8416376
01-07-2022,FTW-3001,Sport Sneaker,Footwear,Fastrack,3568,2211,7887838
01-08-2022,FTW-3001,Sport Sneaker,Footwear,Fastrack,3580,2227,7973289
01-09-2022,FTW-3001,Sport Sneaker,Footwear,Fastrack,3592,1816,6521772
01-10-2022,FTW-3001,Sport Sneaker,Footwear,Fastrack,3603,1835,6610617
01-11-2022,FTW-3001,Sport Sneaker,Footwear,Fastrack,3615,1795,6490297
01-12-2022,FTW-3001,Sport Sneaker,Footwear,Fastrack,3627,1604,5816319
01-01-2023,FTW-3001,Sport Sneaker,Footwear,Fastrack,3639,1640,5969585
01-02-2023,FTW-3001,Sport Sneaker,Footwear,Fastrack,3651,1554,5674045
01-03-2023,FTW-3001,Sport Sneaker,Footwear,Fastrack,3663,1780,6520563
01-04-2023,FTW-3001,Sport Sneaker,Footwear,Fastrack,3675,1743,6404163
01-05-2023,FTW-3001,Sport Sneaker,Footwear,Fastrack,3687,4820,17772613
01-06-2023,FTW-3001,Sport Sneaker,Footwear,Fastrack,3699,2357,8717050
01-07-2023,FTW-3001,Sport Sneaker,Footwear,Fastrack,3711,2255,8368021
01-08-2023,FTW-3001,Sport Sneaker,Footwear,Fastrack,3723,2517,9370008
01-09-2023,FTW-3001,Sport Sneaker,Footwear,Fastrack,3735,2226,8313051
01-10-2023,FTW-3001,Sport Sneaker,Footwear,Fastrack,3748,2293,8593366
01-11-2023,FTW-3001,Sport Sneaker,Footwear,Fastrack,3760,2101,7898143
01-12-2023,FTW-3001,Sport Sneaker,Footwear,Fastrack,3772,1891,7132935
01-01-2024,FTW-3001,Sport Sneaker,Footwear,Fastrack,3785,1655,6265374
01-02-2024,FTW-3001,Sport Sneaker,Footwear,Fastrack,3038,1585,4816515
01-03-2024,FTW-3001,Sport Sneaker,Footwear,Fastrack,3809,1752,6673096
01-04-2024,FTW-3001,Sport Sneaker,Footwear,Fastrack,3822,2093,8000021
01-05-2024,FTW-3001,Sport Sneaker,Footwear,Fastrack,3834,2280,8741863
01-06-2024,FTW-3001,Sport Sneaker,Footwear,Fastrack,3847,2489,9576764
01-07-2024,FTW-3001,Sport Sneaker,Footwear,Fastrack,3859,3186,12294993
01-08-2024,FTW-3001,Sport Sneaker,Footwear,Fastrack,3872,3280,12698838
01-09-2024,FTW-3001,Sport Sneaker,Footwear,Fastrack,3885,2350,9129705
01-10-2024,FTW-3001,Sport Sneaker,Footwear,Fastrack,3897,2351,9160847
01-11-2024,FTW-3001,Sport Sneaker,Footwear,Fastrack,3910,2082,8140228
01-12-2024,FTW-3001,Sport Sneaker,Footwear,Fastrack,3138,1993,6253923
01-01-2022,FTW-3002,Casual Loafer,Footwear,Skechers IN,2999,1190,3568654
01-02-2022,FTW-3002,Casual Loafer,Footwear,Skechers IN,3009,1358,4086435
01-03-2022,FTW-3002,Casual Loafer,Footwear,Skechers IN,3019,1451,4379354
01-04-2022,FTW-3002,Casual Loafer,Footwear,Skechers IN,3029,1623,4915789
01-05-2022,FTW-3002,Casual Loafer,Footwear,Skechers IN,3038,1443,4382730
01-06-2022,FTW-3002,Casual Loafer,Footwear,Skechers IN,3048,2137,6514392
01-07-2022,FTW-3002,Casual Loafer,Footwear,Skechers IN,3058,1457,4455962
01-08-2022,FTW-3002,Casual Loafer,Footwear,Skechers IN,3068,2727,8367585
01-09-2022,FTW-3002,Casual Loafer,Footwear,Skechers IN,3078,1532,4714664
01-10-2022,FTW-3002,Casual Loafer,Footwear,Skechers IN,3089,1700,5252378
01-11-2022,FTW-3002,Casual Loafer,Footwear,Skechers IN,3099,1657,5135807
01-12-2022,FTW-3002,Casual Loafer,Footwear,Skechers IN,3109,1254,3899480
01-01-2023,FTW-3002,Casual Loafer,Footwear,Skechers IN,3119,186,581620
01-02-2023,FTW-3002,Casual Loafer,Footwear,Skechers IN,3129,1072,3354627
01-03-2023,FTW-3002,Casual Loafer,Footwear,Skechers IN,3139,1456,4569532
01-04-2023,FTW-3002,Casual Loafer,Footwear,Skechers IN,3150,1455,4582024
01-05-2023,FTW-3002,Casual Loafer,Footwear,Skechers IN,3160,1631,5152898
01-06-2023,FTW-3002,Casual Loafer,Footwear,Skechers IN,3170,1728,5478015
01-07-2023,FTW-3002,Casual Loafer,Footwear,Skechers IN,3181,2030,6458294
01-08-2023,FTW-3002,Casual Loafer,Footwear,Skechers IN,3191,2566,8187280
01-09-2023,FTW-3002,Casual Loafer,Footwear,Skechers IN,3202,1497,4792255
01-10-2023,FTW-3002,Casual Loafer,Footwear,Skechers IN,3212,1423,4570667
01-11-2023,FTW-3002,Casual Loafer,Footwear,Skechers IN,3223,1584,5105713
01-12-2023,FTW-3002,Casual Loafer,Footwear,Skechers IN,3233,1272,4111532
01-01-2024,FTW-3002,Casual Loafer,Footwear,Skechers IN,3244,1258,4080616
01-02-2024,FTW-3002,Casual Loafer,Footwear,Skechers IN,3254,982,3195781
01-03-2024,FTW-3002,Casual Loafer,Footwear,Skechers IN,3265,1219,3979703
01-04-2024,FTW-3002,Casual Loafer,Footwear,Skechers IN,3276,1479,4845854
01-05-2024,FTW-3002,Casual Loafer,Footwear,Skechers IN,3286,1776,5836910
01-06-2024,FTW-3002,Casual Loafer,Footwear,Skechers IN,3297,2027,6683747
01-07-2024,FTW-3002,Casual Loafer,Footwear,Skechers IN,3308,1860,6154355
01-08-2024,FTW-3002,Casual Loafer,Footwear,Skechers IN,3319,1998,6632022
01-09-2024,FTW-3002,Casual Loafer,Footwear,Skechers IN,3330,1781,5929824
01-10-2024,FTW-3002,Casual Loafer,Footwear,Skechers IN,3341,1449,4840331
01-11-2024,FTW-3002,Casual Loafer,Footwear,Skechers IN,3351,1503,5036373
01-12-2024,FTW-3002,Casual Loafer,Footwear,Skechers IN,3362,1373,4614774
01-01-2022,FTW-3003,Running Shoe,Footwear,Skechers IN,1499,870,1304054
01-02-2022,FTW-3003,Running Shoe,Footwear,Skechers IN,1504,847,1273184
01-03-2022,FTW-3003,Running Shoe,Footwear,Skechers IN,1509,1053,1589234
01-04-2022,FTW-3003,Running Shoe,Footwear,Skechers IN,1514,966,1462987
01-05-2022,FTW-3003,Running Shoe,Footwear,Skechers IN,1519,1072,1629116
01-06-2022,FTW-3003,Running Shoe,Footwear,Skechers IN,1219,1320,1608499
01-07-2022,FTW-3003,Running Shoe,Footwear,Skechers IN,1529,1737,2656180
01-08-2022,FTW-3003,Running Shoe,Footwear,Skechers IN,1534,1347,2066735
01-09-2022,FTW-3003,Running Shoe,Footwear,Skechers IN,1539,1287,1980576
01-10-2022,FTW-3003,Running Shoe,Footwear,Skechers IN,1544,1266,1954051
01-11-2022,FTW-3003,Running Shoe,Footwear,Skechers IN,1549,1176,1820916
01-12-2022,FTW-3003,Running Shoe,Footwear,Skechers IN,1554,953,1480973
01-01-2023,FTW-3003,Running Shoe,Footwear,Skechers IN,1559,843,1314556
01-02-2023,FTW-3003,Running Shoe,Footwear,Skechers IN,1564,834,1305129
01-03-2023,FTW-3003,Running Shoe,Footwear,Skechers IN,1569,952,1493268
01-04-2023,FTW-3003,Running Shoe,Footwear,Skechers IN,1574,159,250403
01-05-2023,FTW-3003,Running Shoe,Footwear,Skechers IN,1579,1354,2138725
01-06-2023,FTW-3003,Running Shoe,Footwear,Skechers IN,1585,1391,2204275
01-07-2023,FTW-3003,Running Shoe,Footwear,Skechers IN,1590,1493,2373279
01-08-2023,FTW-3003,Running Shoe,Footwear,Skechers IN,1595,1493,2381927
01-09-2023,FTW-3003,Running Shoe,Footwear,Skechers IN,1600,1380,2208763
01-10-2023,FTW-3003,Running Shoe,Footwear,Skechers IN,1605,1508,2420058
01-11-2023,FTW-3003,Running Shoe,Footwear,Skechers IN,1611,1154,1858913
01-12-2023,FTW-3003,Running Shoe,Footwear,Skechers IN,1616,1083,1749592
01-01-2024,FTW-3003,Running Shoe,Footwear,Skechers IN,1621,1047,1697876
01-02-2024,FTW-3003,Running Shoe,Footwear,Skechers IN,1627,1100,1789310
01-03-2024,FTW-3003,Running Shoe,Footwear,Skechers IN,1632,7,11090
01-04-2024,FTW-3003,Running Shoe,Footwear,Skechers IN,1637,1263,2068167
01-05-2024,FTW-3003,Running Shoe,Footwear,Skechers IN,1643,1567,2574620
01-06-2024,FTW-3003,Running Shoe,Footwear,Skechers IN,1648,1622,2672590
01-07-2024,FTW-3003,Running Shoe,Footwear,Skechers IN,1653,1856,3067435
01-08-2024,FTW-3003,Running Shoe,Footwear,Skechers IN,1659,1803,2990460
01-09-2024,FTW-3003,Running Shoe,Footwear,Skechers IN,1664,1502,2499461
01-10-2024,FTW-3003,Running Shoe,Footwear,Skechers IN,1670,1515,2529927
01-11-2024,FTW-3003,Running Shoe,Footwear,Skechers IN,1675,1125,1884084
01-12-2024,FTW-3003,Running Shoe,Footwear,Skechers IN,1681,1287,2164111
01-01-2022,FTW-3004,Sandal,Footwear,Fastrack,2499,940,2349682
01-02-2022,FTW-3004,Sandal,Footwear,Fastrack,2507,977,2450224
01-03-2022,FTW-3004,Sandal,Footwear,Fastrack,2515,942,2370287
01-04-2022,FTW-3004,Sandal,Footwear,Fastrack,2524,1048,2644224
01-05-2022,FTW-3004,Sandal,Footwear,Fastrack,2532,1286,3254920
01-06-2022,FTW-3004,Sandal,Footwear,Fastrack,2540,1563,3969172
01-07-2022,FTW-3004,Sandal,Footwear,Fastrack,2548,1389,3539338
01-08-2022,FTW-3004,Sandal,Footwear,Fastrack,2557,1686,4310088
01-09-2022,FTW-3004,Sandal,Footwear,Fastrack,2565,1246,3196283
01-10-2022,FTW-3004,Sandal,Footwear,Fastrack,2574,1049,2701407
01-11-2022,FTW-3004,Sandal,Footwear,Fastrack,2582,1199,3094641
01-12-2022,FTW-3004,Sandal,Footwear,Fastrack,2590,1093,2831789
01-01-2023,FTW-3004,Sandal,Footwear,Fastrack,2599,928,2411891
01-02-2023,FTW-3004,Sandal,Footwear,Fastrack,2607,1067,2780786
01-03-2023,FTW-3004,Sandal,Footwear,Fastrack,2616,1113,2910961
01-04-2023,FTW-3004,Sandal,Footwear,Fastrack,2625,1237,3248137
01-05-2023,FTW-3004,Sandal,Footwear,Fastrack,2633,270,710785
01-06-2023,FTW-3004,Sandal,Footwear,Fastrack,2642,1571,4151545
01-07-2023,FTW-3004,Sandal,Footwear,Fastrack,2650,1480,3922903
01-08-2023,FTW-3004,Sandal,Footwear,Fastrack,2659,1811,4815520
01-09-2023,FTW-3004,Sandal,Footwear,Fastrack,2668,1489,3972983
01-10-2023,FTW-3004,Sandal,Footwear,Fastrack,2677,1226,3281489
01-11-2023,FTW-3004,Sandal,Footwear,Fastrack,2685,1325,3557169
01-12-2023,FTW-3004,Sandal,Footwear,Fastrack,2694,1076,2898006
01-01-2024,FTW-3004,Sandal,Footwear,Fastrack,2703,1125,3039957
01-02-2024,FTW-3004,Sandal,Footwear,Fastrack,2712,1008,2734830
01-03-2024,FTW-3004,Sandal,Footwear,Fastrack,2721,1042,2836245
01-04-2024,FTW-3004,Sandal,Footwear,Fastrack,2730,1296,3539052
01-05-2024,FTW-3004,Sandal,Footwear,Fastrack,2738,2726,7463813
01-06-2024,FTW-3004,Sandal,Footwear,Fastrack,2747,1736,4767789
01-07-2024,FTW-3004,Sandal,Footwear,Fastrack,2756,1841,5074705
01-08-2024,FTW-3004,Sandal,Footwear,Fastrack,2765,1717,4746913
01-09-2024,FTW-3004,Sandal,Footwear,Fastrack,2775,1398,3878800
01-10-2024,FTW-3004,Sandal,Footwear,Fastrack,2784,1431,3984222
01-11-2024,FTW-3004,Sandal,Footwear,Fastrack,2793,1428,3988609
01-12-2024,FTW-3004,Sandal,Footwear,Fastrack,2802,1210,3391598
01-01-2022,FTW-3005,Boot Mid,Footwear,Bata Pulse,2499,1666,4162232
01-02-2022,FTW-3005,Boot Mid,Footwear,Bata Pulse,2507,1546,3874903
01-03-2022,FTW-3005,Boot Mid,Footwear,Bata Pulse,2012,1706,3433235
01-04-2022,FTW-3005,Boot Mid,Footwear,Bata Pulse,2524,1880,4745507
01-05-2022,FTW-3005,Boot Mid,Footwear,Bata Pulse,2532,3695,9355633
01-06-2022,FTW-3005,Boot Mid,Footwear,Bata Pulse,2540,3492,8870529
01-07-2022,FTW-3005,Boot Mid,Footwear,Bata Pulse,2548,2360,6013563
01-08-2022,FTW-3005,Boot Mid,Footwear,Bata Pulse,2557,2364,6044028
01-09-2022,FTW-3005,Boot Mid,Footwear,Bata Pulse,2565,2346,6016757
01-10-2022,FTW-3005,Boot Mid,Footwear,Bata Pulse,2574,293,754082
01-11-2022,FTW-3005,Boot Mid,Footwear,Bata Pulse,2582,1872,4834593
01-12-2022,FTW-3005,Boot Mid,Footwear,Bata Pulse,2590,108,280819
01-01-2023,FTW-3005,Boot Mid,Footwear,Bata Pulse,2599,1585,4118757
01-02-2023,FTW-3005,Boot Mid,Footwear,Bata Pulse,2607,1391,3625208
01-03-2023,FTW-3005,Boot Mid,Footwear,Bata Pulse,2616,1736,4542147
01-04-2023,FTW-3005,Boot Mid,Footwear,Bata Pulse,2100,1827,3836424
01-05-2023,FTW-3005,Boot Mid,Footwear,Bata Pulse,2633,1836,4833237
01-06-2023,FTW-3005,Boot Mid,Footwear,Bata Pulse,2642,2576,6806551
01-07-2023,FTW-3005,Boot Mid,Footwear,Bata Pulse,2650,2303,6103947
01-08-2023,FTW-3005,Boot Mid,Footwear,Bata Pulse,2659,2544,6765411
01-09-2023,FTW-3005,Boot Mid,Footwear,Bata Pulse,2668,3488,9307169
01-10-2023,FTW-3005,Boot Mid,Footwear,Bata Pulse,2141,2058,4406761
01-11-2023,FTW-3005,Boot Mid,Footwear,Bata Pulse,2148,1737,3731957
01-12-2023,FTW-3005,Boot Mid,Footwear,Bata Pulse,2694,1681,4527954
01-01-2024,FTW-3005,Boot Mid,Footwear,Bata Pulse,2703,1474,3985213
01-02-2024,FTW-3005,Boot Mid,Footwear,Bata Pulse,2712,1565,4243555
01-03-2024,FTW-3005,Boot Mid,Footwear,Bata Pulse,2721,1717,4671756
01-04-2024,FTW-3005,Boot Mid,Footwear,Bata Pulse,2730,2143,5850525
01-05-2024,FTW-3005,Boot Mid,Footwear,Bata Pulse,2738,2170,5941343
01-06-2024,FTW-3005,Boot Mid,Footwear,Bata Pulse,2747,2271,6237838
01-07-2024,FTW-3005,Boot Mid,Footwear,Bata Pulse,2756,2538,6994744
01-08-2024,FTW-3005,Boot Mid,Footwear,Bata Pulse,2765,2648,7321335
01-09-2024,FTW-3005,Boot Mid,Footwear,Bata Pulse,2775,1783,4947664
01-10-2024,FTW-3005,Boot Mid,Footwear,Bata Pulse,2784,2145,5972041
01-11-2024,FTW-3005,Boot Mid,Footwear,Bata Pulse,2793,1848,5161810
01-12-2024,FTW-3005,Boot Mid,Footwear,Bata Pulse,2802,1461,4092551
01-01-2022,FTW-3006,Slip-on,Footwear,Bata Pulse,1499,1609,2411397
01-02-2022,FTW-3006,Slip-on,Footwear,Bata Pulse,1504,2200,3309536
01-03-2022,FTW-3006,Slip-on,Footwear,Bata Pulse,1509,1911,2883260
01-04-2022,FTW-3006,Slip-on,Footwear,Bata Pulse,1514,2110,3193789
01-05-2022,FTW-3006,Slip-on,Footwear,Bata Pulse,1519,2284,3468842
01-06-2022,FTW-3006,Slip-on,Footwear,Bata Pulse,1524,2547,3882040
01-07-2022,FTW-3006,Slip-on,Footwear,Bata Pulse,1529,2390,3653618
01-08-2022,FTW-3006,Slip-on,Footwear,Bata Pulse,1534,2477,3799548
01-09-2022,FTW-3006,Slip-on,Footwear,Bata Pulse,1539,2380,3662909
01-10-2022,FTW-3006,Slip-on,Footwear,Bata Pulse,1544,2214,3418190
01-11-2022,FTW-3006,Slip-on,Footwear,Bata Pulse,1549,1806,2796959
01-12-2022,FTW-3006,Slip-on,Footwear,Bata Pulse,1554,2705,4204051
01-01-2023,FTW-3006,Slip-on,Footwear,Bata Pulse,1559,1757,2739889
01-02-2023,FTW-3006,Slip-on,Footwear,Bata Pulse,1564,1458,2280588
01-03-2023,FTW-3006,Slip-on,Footwear,Bata Pulse,1255,1793,2250608
01-04-2023,FTW-3006,Slip-on,Footwear,Bata Pulse,1574,1939,3051274
01-05-2023,FTW-3006,Slip-on,Footwear,Bata Pulse,1579,2283,3605231
01-06-2023,FTW-3006,Slip-on,Footwear,Bata Pulse,1585,2406,3812992
01-07-2023,FTW-3006,Slip-on,Footwear,Bata Pulse,1272,3217,4091562
01-08-2023,FTW-3006,Slip-on,Footwear,Bata Pulse,1595,2781,4435469
01-09-2023,FTW-3006,Slip-on,Footwear,Bata Pulse,1600,2354,3766186
01-10-2023,FTW-3006,Slip-on,Footwear,Bata Pulse,1605,2108,3383545
01-11-2023,FTW-3006,Slip-on,Footwear,Bata Pulse,1611,2155,3471574
01-12-2023,FTW-3006,Slip-on,Footwear,Bata Pulse,1616,1808,2922306
01-01-2024,FTW-3006,Slip-on,Footwear,Bata Pulse,1621,1869,3028861
01-02-2024,FTW-3006,Slip-on,Footwear,Bata Pulse,1627,1845,3001854
01-03-2024,FTW-3006,Slip-on,Footwear,Bata Pulse,1632,2341,3820361
01-04-2024,FTW-3006,Slip-on,Footwear,Bata Pulse,1310,2059,2696882
01-05-2024,FTW-3006,Slip-on,Footwear,Bata Pulse,1643,2439,4007863
01-06-2024,FTW-3006,Slip-on,Footwear,Bata Pulse,1648,2699,4447282
01-07-2024,FTW-3006,Slip-on,Footwear,Bata Pulse,1653,2752,4548346
01-08-2024,FTW-3006,Slip-on,Footwear,Bata Pulse,1659,4701,7798680
01-09-2024,FTW-3006,Slip-on,Footwear,Bata Pulse,1664,2472,4114211
01-10-2024,FTW-3006,Slip-on,Footwear,Bata Pulse,1670,2329,3889832
01-11-2024,FTW-3006,Slip-on,Footwear,Bata Pulse,1675,2252,3771488
01-12-2024,FTW-3006,Slip-on,Footwear,Bata Pulse,1681,1912,3213443
01-01-2022,FTW-3007,Trail Runner,Footwear,Fastrack,2999,2810,8425835
01-02-2022,FTW-3007,Trail Runner,Footwear,Fastrack,3009,3007,9048827
01-03-2022,FTW-3007,Trail Runner,Footwear,Fastrack,3019,1615,4874895
01-04-2022,FTW-3007,Trail Runner,Footwear,Fastrack,3029,1843,5582590
01-05-2022,FTW-3007,Trail Runner,Footwear,Fastrack,3038,2398,7286262
01-06-2022,FTW-3007,Trail Runner,Footwear,Fastrack,3048,1934,5893540
01-07-2022,FTW-3007,Trail Runner,Footwear,Fastrack,3058,2708,8280613
01-08-2022,FTW-3007,Trail Runner,Footwear,Fastrack,3068,2344,7192515
01-09-2022,FTW-3007,Trail Runner,Footwear,Fastrack,3078,2421,7453107
01-10-2022,FTW-3007,Trail Runner,Footwear,Fastrack,3089,2544,7857164
01-11-2022,FTW-3007,Trail Runner,Footwear,Fastrack,3099,1832,5677423
01-12-2022,FTW-3007,Trail Runner,Footwear,Fastrack,3109,1765,5487857
01-01-2023,FTW-3007,Trail Runner,Footwear,Fastrack,2495,1701,4244823
01-02-2023,FTW-3007,Trail Runner,Footwear,Fastrack,3129,1897,5934979
01-03-2023,FTW-3007,Trail Runner,Footwear,Fastrack,3139,1806,5668097
01-04-2023,FTW-3007,Trail Runner,Footwear,Fastrack,3150,1932,6085135
01-05-2023,FTW-3007,Trail Runner,Footwear,Fastrack,3160,1998,6313710
01-06-2023,FTW-3007,Trail Runner,Footwear,Fastrack,3170,2714,8602510
01-07-2023,FTW-3007,Trail Runner,Footwear,Fastrack,3181,2163,6879799
01-08-2023,FTW-3007,Trail Runner,Footwear,Fastrack,3191,3202,10218829
01-09-2023,FTW-3007,Trail Runner,Footwear,Fastrack,3202,2627,8412104
01-10-2023,FTW-3007,Trail Runner,Footwear,Fastrack,2570,2287,5878835
01-11-2023,FTW-3007,Trail Runner,Footwear,Fastrack,3223,4448,14336544
01-12-2023,FTW-3007,Trail Runner,Footwear,Fastrack,3233,2135,6903782
01-01-2024,FTW-3007,Trail Runner,Footwear,Fastrack,3244,1818,5899060
01-02-2024,FTW-3007,Trail Runner,Footwear,Fastrack,3254,2009,6537869
01-03-2024,FTW-3007,Trail Runner,Footwear,Fastrack,3265,2162,7058375
01-04-2024,FTW-3007,Trail Runner,Footwear,Fastrack,3276,1985,6502684
01-05-2024,FTW-3007,Trail Runner,Footwear,Fastrack,3286,2376,7807970
01-06-2024,FTW-3007,Trail Runner,Footwear,Fastrack,3297,2507,8264376
01-07-2024,FTW-3007,Trail Runner,Footwear,Fastrack,3308,2878,9521141
01-08-2024,FTW-3007,Trail Runner,Footwear,Fastrack,3319,4106,13627791
01-09-2024,FTW-3007,Trail Runner,Footwear,Fastrack,3330,2375,7910271
01-10-2024,FTW-3007,Trail Runner,Footwear,Fastrack,3341,2343,7828719
01-11-2024,FTW-3007,Trail Runner,Footwear,Fastrack,3351,2675,8963676
01-12-2024,FTW-3007,Trail Runner,Footwear,Fastrack,3362,2295,7714603
01-01-2022,FTW-3008,Court Shoe,Footwear,Bata Pulse,1999,1429,2856447
01-02-2022,FTW-3008,Court Shoe,Footwear,Bata Pulse,2006,1431,2871310
01-03-2022,FTW-3008,Court Shoe,Footwear,Bata Pulse,2012,1771,3562390
01-04-2022,FTW-3008,Court Shoe,Footwear,Bata Pulse,2019,1875,3785904
01-05-2022,FTW-3008,Court Shoe,Footwear,Bata Pulse,2025,2237,4530519
01-06-2022,FTW-3008,Court Shoe,Footwear,Bata Pulse,2032,2631,5346464
01-07-2022,FTW-3008,Court Shoe,Footwear,Bata Pulse,2039,2215,4516912
01-08-2022,FTW-3008,Court Shoe,Footwear,Bata Pulse,2045,2722,5566250
01-09-2022,FTW-3008,Court Shoe,Footwear,Bata Pulse,2052,2469,5065953
01-10-2022,FTW-3008,Court Shoe,Footwear,Bata Pulse,2059,1868,3845681
01-11-2022,FTW-3008,Court Shoe,Footwear,Bata Pulse,2065,1928,3980630
01-12-2022,FTW-3008,Court Shoe,Footwear,Bata Pulse,1658,1670,2768036
01-01-2023,FTW-3008,Court Shoe,Footwear,Bata Pulse,2079,2468,5130469
01-02-2023,FTW-3008,Court Shoe,Footwear,Bata Pulse,1669,1705,2846334
01-03-2023,FTW-3008,Court Shoe,Footwear,Bata Pulse,2093,2091,4377230
01-04-2023,FTW-3008,Court Shoe,Footwear,Bata Pulse,2099,2112,4433918
01-05-2023,FTW-3008,Court Shoe,Footwear,Bata Pulse,1685,2279,3840609
01-06-2023,FTW-3008,Court Shoe,Footwear,Bata Pulse,2113,2735,5778812
01-07-2023,FTW-3008,Court Shoe,Footwear,Bata Pulse,2120,3224,6833991
01-08-2023,FTW-3008,Court Shoe,Footwear,Bata Pulse,2127,2923,6217402
01-09-2023,FTW-3008,Court Shoe,Footwear,Bata Pulse,2134,2912,6213813
01-10-2023,FTW-3008,Court Shoe,Footwear,Bata Pulse,2141,2281,4883240
01-11-2023,FTW-3008,Court Shoe,Footwear,Bata Pulse,2148,2133,4581779
01-12-2023,FTW-3008,Court Shoe,Footwear,Bata Pulse,2155,1882,4055581
01-01-2024,FTW-3008,Court Shoe,Footwear,Bata Pulse,2162,1960,4238364
01-02-2024,FTW-3008,Court Shoe,Footwear,Bata Pulse,2169,1838,3985772
01-03-2024,FTW-3008,Court Shoe,Footwear,Bata Pulse,2176,1976,4299044
01-04-2024,FTW-3008,Court Shoe,Footwear,Bata Pulse,2183,2135,4661012
01-05-2024,FTW-3008,Court Shoe,Footwear,Bata Pulse,2191,2623,5747901
01-06-2024,FTW-3008,Court Shoe,Footwear,Bata Pulse,2198,3152,6927414
01-07-2024,FTW-3008,Court Shoe,Footwear,Bata Pulse,2205,2845,6272957
01-08-2024,FTW-3008,Court Shoe,Footwear,Bata Pulse,2212,3494,7728300
01-09-2024,FTW-3008,Court Shoe,Footwear,Bata Pulse,2219,2525,5602532
01-10-2024,FTW-3008,Court Shoe,Footwear,Bata Pulse,2227,2693,5996611
01-11-2024,FTW-3008,Court Shoe,Footwear,Bata Pulse,2234,2171,4850961
01-12-2024,FTW-3008,Court Shoe,Footwear,Bata Pulse,2241,2294,5139850
01-01-2022,ACC-4001,Leather Wallet,Accessories,Hidesign,1599,1045,1670947
01-02-2022,ACC-4001,Leather Wallet,Accessories,Hidesign,1604,869,1393386
01-03-2022,ACC-4001,Leather Wallet,Accessories,Hidesign,1609,730,1174225
01-04-2022,ACC-4001,Leather Wallet,Accessories,Hidesign,1292,796,1027926
01-05-2022,ACC-4001,Leather Wallet,Accessories,Hidesign,1296,824,1067630
01-06-2022,ACC-4001,Leather Wallet,Accessories,Hidesign,1625,886,1440345
01-07-2022,ACC-4001,Leather Wallet,Accessories,Hidesign,1631,955,1558253
01-08-2022,ACC-4001,Leather Wallet,Accessories,Hidesign,1636,731,1195477
01-09-2022,ACC-4001,Leather Wallet,Accessories,Hidesign,1641,710,1165519
01-10-2022,ACC-4001,Leather Wallet,Accessories,Hidesign,1647,920,1515017
01-11-2022,ACC-4001,Leather Wallet,Accessories,Hidesign,1652,1196,1975930
01-12-2022,ACC-4001,Leather Wallet,Accessories,Hidesign,1658,76,125880
01-01-2023,ACC-4001,Leather Wallet,Accessories,Hidesign,1663,1098,1825592
01-02-2023,ACC-4001,Leather Wallet,Accessories,Hidesign,1668,743,1238665
01-03-2023,ACC-4001,Leather Wallet,Accessories,Hidesign,1674,1023,1712913
01-04-2023,ACC-4001,Leather Wallet,Accessories,Hidesign,1679,1217,2042631
01-05-2023,ACC-4001,Leather Wallet,Accessories,Hidesign,1685,854,1439793
01-06-2023,ACC-4001,Leather Wallet,Accessories,Hidesign,1690,1233,2084455
01-07-2023,ACC-4001,Leather Wallet,Accessories,Hidesign,1696,846,1434178
01-08-2023,ACC-4001,Leather Wallet,Accessories,Hidesign,1701,868,1476610
01-09-2023,ACC-4001,Leather Wallet,Accessories,Hidesign,1707,761,1299074
01-10-2023,ACC-4001,Leather Wallet,Accessories,Hidesign,1713,862,1475755
01-11-2023,ACC-4001,Leather Wallet,Accessories,Hidesign,1718,1491,2562190
01-12-2023,ACC-4001,Leather Wallet,Accessories,Hidesign,1724,1000,1724685
01-01-2024,ACC-4001,Leather Wallet,Accessories,Hidesign,1729,890,1538788
01-02-2024,ACC-4001,Leather Wallet,Accessories,Hidesign,1735,1121,1945253
01-03-2024,ACC-4001,Leather Wallet,Accessories,Hidesign,1393,1034,1440586
01-04-2024,ACC-4001,Leather Wallet,Accessories,Hidesign,1747,1001,1748310
01-05-2024,ACC-4001,Leather Wallet,Accessories,Hidesign,1752,1003,1758125
01-06-2024,ACC-4001,Leather Wallet,Accessories,Hidesign,1758,1210,2127186
01-07-2024,ACC-4001,Leather Wallet,Accessories,Hidesign,1764,887,1564045
01-08-2024,ACC-4001,Leather Wallet,Accessories,Hidesign,1770,810,1434190
01-09-2024,ACC-4001,Leather Wallet,Accessories,Hidesign,1420,810,1149537
01-10-2024,ACC-4001,Leather Wallet,Accessories,Hidesign,1781,1006,1792138
01-11-2024,ACC-4001,Leather Wallet,Accessories,Hidesign,1787,1282,2290314
01-12-2024,ACC-4001,Leather Wallet,Accessories,Hidesign,1793,1065,1909263
01-01-2022,ACC-4002,Travel Backpack,Accessories,Voyage,1039,1163,1208305
01-02-2022,ACC-4002,Travel Backpack,Accessories,Voyage,1303,845,1101487
01-03-2022,ACC-4002,Travel Backpack,Accessories,Voyage,1308,798,1043354
01-04-2022,ACC-4002,Travel Backpack,Accessories,Voyage,1312,806,1057703
01-05-2022,ACC-4002,Travel Backpack,Accessories,Voyage,1316,886,1166431
01-06-2022,ACC-4002,Travel Backpack,Accessories,Voyage,1320,1122,1481249
01-07-2022,ACC-4002,Travel Backpack,Accessories,Voyage,1325,893,1182937
01-08-2022,ACC-4002,Travel Backpack,Accessories,Voyage,1329,855,1136808
01-09-2022,ACC-4002,Travel Backpack,Accessories,Voyage,1333,780,1039990
01-10-2022,ACC-4002,Travel Backpack,Accessories,Voyage,1338,922,1234162
01-11-2022,ACC-4002,Travel Backpack,Accessories,Voyage,1342,1295,1738195
01-12-2022,ACC-4002,Travel Backpack,Accessories,Voyage,1347,1087,1464492
01-01-2023,ACC-4002,Travel Backpack,Accessories,Voyage,1351,1043,1409033
01-02-2023,ACC-4002,Travel Backpack,Accessories,Voyage,1355,877,1187924
01-03-2023,ACC-4002,Travel Backpack,Accessories,Voyage,1360,941,1279809
01-04-2023,ACC-4002,Travel Backpack,Accessories,Voyage,1091,1023,1116355
01-05-2023,ACC-4002,Travel Backpack,Accessories,Voyage,1095,24,26190
01-06-2023,ACC-4002,Travel Backpack,Accessories,Voyage,1373,1112,1526752
01-07-2023,ACC-4002,Travel Backpack,Accessories,Voyage,1378,1105,1522573
01-08-2023,ACC-4002,Travel Backpack,Accessories,Voyage,1382,841,1162119
01-09-2023,ACC-4002,Travel Backpack,Accessories,Voyage,1387,805,1116059
01-10-2023,ACC-4002,Travel Backpack,Accessories,Voyage,1391,113,156520
01-11-2023,ACC-4002,Travel Backpack,Accessories,Voyage,1396,1326,1850784
01-12-2023,ACC-4002,Travel Backpack,Accessories,Voyage,1400,1172,1640824
01-01-2024,ACC-4002,Travel Backpack,Accessories,Voyage,1405,1381,1940113
01-02-2024,ACC-4002,Travel Backpack,Accessories,Voyage,1410,1106,1560001
01-03-2024,ACC-4002,Travel Backpack,Accessories,Voyage,1414,1193,1686450
01-04-2024,ACC-4002,Travel Backpack,Accessories,Voyage,1419,1048,1487441
01-05-2024,ACC-4002,Travel Backpack,Accessories,Voyage,1423,983,1398149
01-06-2024,ACC-4002,Travel Backpack,Accessories,Voyage,1428,1049,1498199
01-07-2024,ACC-4002,Travel Backpack,Accessories,Voyage,1433,1049,1503315
01-08-2024,ACC-4002,Travel Backpack,Accessories,Voyage,1438,807,1161073
01-09-2024,ACC-4002,Travel Backpack,Accessories,Voyage,1442,898,1295479
01-10-2024,ACC-4002,Travel Backpack,Accessories,Voyage,1447,1065,1540981
01-11-2024,ACC-4002,Travel Backpack,Accessories,Voyage,1452,2186,3173691
01-12-2024,ACC-4002,Travel Backpack,Accessories,Voyage,1456,1403,2042928
01-01-2022,ACC-4003,Sling Bag,Accessories,Hidesign,2199,621,1364482
01-02-2022,ACC-4003,Sling Bag,Accessories,Hidesign,2206,569,1255673
01-03-2022,ACC-4003,Sling Bag,Accessories,Hidesign,2213,535,1184434
01-04-2022,ACC-4003,Sling Bag,Accessories,Hidesign,2221,561,1246843
01-05-2022,ACC-4003,Sling Bag,Accessories,Hidesign,2228,525,1170670
01-06-2022,ACC-4003,Sling Bag,Accessories,Hidesign,2235,712,1591682
01-07-2022,ACC-4003,Sling Bag,Accessories,Hidesign,2243,650,1457841
01-08-2022,ACC-4003,Sling Bag,Accessories,Hidesign,2250,499,1123620
01-09-2022,ACC-4003,Sling Bag,Accessories,Hidesign,2257,456,1028768
01-10-2022,ACC-4003,Sling Bag,Accessories,Hidesign,2265,498,1128260
01-11-2022,ACC-4003,Sling Bag,Accessories,Hidesign,2272,732,1662450
01-12-2022,ACC-4003,Sling Bag,Accessories,Hidesign,2279,826,1882194
01-01-2023,ACC-4003,Sling Bag,Accessories,Hidesign,2287,676,1545602
01-02-2023,ACC-4003,Sling Bag,Accessories,Hidesign,2294,555,1273233
01-03-2023,ACC-4003,Sling Bag,Accessories,Hidesign,1842,640,1178204
01-04-2023,ACC-4003,Sling Bag,Accessories,Hidesign,2309,530,1224347
01-05-2023,ACC-4003,Sling Bag,Accessories,Hidesign,2317,565,1308891
01-06-2023,ACC-4003,Sling Bag,Accessories,Hidesign,2325,661,1536453
01-07-2023,ACC-4003,Sling Bag,Accessories,Hidesign,2332,658,1534249
01-08-2023,ACC-4003,Sling Bag,Accessories,Hidesign,2340,453,1060988
01-09-2023,ACC-4003,Sling Bag,Accessories,Hidesign,2348,528,1238838
01-10-2023,ACC-4003,Sling Bag,Accessories,Hidesign,2355,675,1589862
01-11-2023,ACC-4003,Sling Bag,Accessories,Hidesign,2363,796,1880155
01-12-2023,ACC-4003,Sling Bag,Accessories,Hidesign,2371,852,2019082
01-01-2024,ACC-4003,Sling Bag,Accessories,Hidesign,2378,606,1441102
01-02-2024,ACC-4003,Sling Bag,Accessories,Hidesign,2386,726,1732811
01-03-2024,ACC-4003,Sling Bag,Accessories,Hidesign,1915,656,1255582
01-04-2024,ACC-4003,Sling Bag,Accessories,Hidesign,2402,688,1651997
01-05-2024,ACC-4003,Sling Bag,Accessories,Hidesign,2410,593,1427938
01-06-2024,ACC-4003,Sling Bag,Accessories,Hidesign,2418,739,1787105
01-07-2024,ACC-4003,Sling Bag,Accessories,Hidesign,2426,742,1798939
01-08-2024,ACC-4003,Sling Bag,Accessories,Hidesign,2433,643,1565003
01-09-2024,ACC-4003,Sling Bag,Accessories,Hidesign,2441,443,1081735
01-10-2024,ACC-4003,Sling Bag,Accessories,Hidesign,2449,735,1800754
01-11-2024,ACC-4003,Sling Bag,Accessories,Hidesign,2457,806,1979204
01-12-2024,ACC-4003,Sling Bag,Accessories,Hidesign,1972,776,1531227
01-01-2022,ACC-4004,Card Holder,Accessories,Wildcraft,1299,1145,1486996
01-02-2022,ACC-4004,Card Holder,Accessories,Wildcraft,1303,1037,1351164
01-03-2022,ACC-4004,Card Holder,Accessories,Wildcraft,1308,960,1255686
01-04-2022,ACC-4004,Card Holder,Accessories,Wildcraft,1312,1013,1328741
01-05-2022,ACC-4004,Card Holder,Accessories,Wildcraft,1316,983,1293687
01-06-2022,ACC-4004,Card Holder,Accessories,Wildcraft,1320,1050,1385813
01-07-2022,ACC-4004,Card Holder,Accessories,Wildcraft,1325,975,1292078
01-08-2022,ACC-4004,Card Holder,Accessories,Wildcraft,1329,869,1155392
01-09-2022,ACC-4004,Card Holder,Accessories,Wildcraft,1333,90,120372
01-10-2022,ACC-4004,Card Holder,Accessories,Wildcraft,1338,1048,1402411
01-11-2022,ACC-4004,Card Holder,Accessories,Wildcraft,1342,1961,2632251
01-12-2022,ACC-4004,Card Holder,Accessories,Wildcraft,1347,1188,1600512
01-01-2023,ACC-4004,Card Holder,Accessories,Wildcraft,1351,1314,1775448
01-02-2023,ACC-4004,Card Holder,Accessories,Wildcraft,1355,1055,1429050
01-03-2023,ACC-4004,Card Holder,Accessories,Wildcraft,1360,9,12119
01-04-2023,ACC-4004,Card Holder,Accessories,Wildcraft,1364,1011,1379013
01-05-2023,ACC-4004,Card Holder,Accessories,Wildcraft,1369,1081,1480405
01-06-2023,ACC-4004,Card Holder,Accessories,Wildcraft,1373,1185,1626362
01-07-2023,ACC-4004,Card Holder,Accessories,Wildcraft,1378,1126,1551582
01-08-2023,ACC-4004,Card Holder,Accessories,Wildcraft,1382,950,1312378
01-09-2023,ACC-4004,Card Holder,Accessories,Wildcraft,1109,934,1035504
01-10-2023,ACC-4004,Card Holder,Accessories,Wildcraft,1391,1779,2474886
01-11-2023,ACC-4004,Card Holder,Accessories,Wildcraft,1117,1421,1587178
01-12-2023,ACC-4004,Card Holder,Accessories,Wildcraft,1400,1190,1666119
01-01-2024,ACC-4004,Card Holder,Accessories,Wildcraft,1405,1139,1600045
01-02-2024,ACC-4004,Card Holder,Accessories,Wildcraft,1128,2033,2293598
01-03-2024,ACC-4004,Card Holder,Accessories,Wildcraft,1414,1085,1534808
01-04-2024,ACC-4004,Card Holder,Accessories,Wildcraft,1419,1020,1447813
01-05-2024,ACC-4004,Card Holder,Accessories,Wildcraft,1423,1111,1581215
01-06-2024,ACC-4004,Card Holder,Accessories,Wildcraft,1428,1062,1517007
01-07-2024,ACC-4004,Card Holder,Accessories,Wildcraft,1433,1069,1532171
01-08-2024,ACC-4004,Card Holder,Accessories,Wildcraft,1438,978,1405921
01-09-2024,ACC-4004,Card Holder,Accessories,Wildcraft,1442,861,1242214
01-10-2024,ACC-4004,Card Holder,Accessories,Wildcraft,1447,1154,1669196
01-11-2024,ACC-4004,Card Holder,Accessories,Wildcraft,1452,1255,1822609
01-12-2024,ACC-4004,Card Holder,Accessories,Wildcraft,1456,1272,1852758
01-01-2022,ACC-4005,Tote Bag,Accessories,Hidesign,2199,587,1289812
01-02-2022,ACC-4005,Tote Bag,Accessories,Hidesign,2206,860,1896483
01-03-2022,ACC-4005,Tote Bag,Accessories,Hidesign,2213,761,1684147
01-04-2022,ACC-4005,Tote Bag,Accessories,Hidesign,2221,494,1097150
01-05-2022,ACC-4005,Tote Bag,Accessories,Hidesign,1782,538,958012
01-06-2022,ACC-4005,Tote Bag,Accessories,Hidesign,2235,600,1342041
01-07-2022,ACC-4005,Tote Bag,Accessories,Hidesign,2243,440,987289
01-08-2022,ACC-4005,Tote Bag,Accessories,Hidesign,2250,428,963369
01-09-2022,ACC-4005,Tote Bag,Accessories,Hidesign,2257,387,873219
01-10-2022,ACC-4005,Tote Bag,Accessories,Hidesign,1812,526,953870
01-11-2022,ACC-4005,Tote Bag,Accessories,Hidesign,2272,680,1545401
01-12-2022,ACC-4005,Tote Bag,Accessories,Hidesign,2279,478,1089034
01-01-2023,ACC-4005,Tote Bag,Accessories,Hidesign,2287,569,1301383
01-02-2023,ACC-4005,Tote Bag,Accessories,Hidesign,2294,519,1190428
01-03-2023,ACC-4005,Tote Bag,Accessories,Hidesign,2302,506,1164690
01-04-2023,ACC-4005,Tote Bag,Accessories,Hidesign,2309,575,1327394
01-05-2023,ACC-4005,Tote Bag,Accessories,Hidesign,2317,459,1063047
01-06-2023,ACC-4005,Tote Bag,Accessories,Hidesign,2325,565,1314579
01-07-2023,ACC-4005,Tote Bag,Accessories,Hidesign,2332,451,1051016
01-08-2023,ACC-4005,Tote Bag,Accessories,Hidesign,2340,419,981454
01-09-2023,ACC-4005,Tote Bag,Accessories,Hidesign,2348,386,906056
01-10-2023,ACC-4005,Tote Bag,Accessories,Hidesign,2355,577,1360011
01-11-2023,ACC-4005,Tote Bag,Accessories,Hidesign,2363,549,1297220
01-12-2023,ACC-4005,Tote Bag,Accessories,Hidesign,2371,454,1076221
01-01-2024,ACC-4005,Tote Bag,Accessories,Hidesign,2378,550,1308007
01-02-2024,ACC-4005,Tote Bag,Accessories,Hidesign,2386,456,1088761
01-03-2024,ACC-4005,Tote Bag,Accessories,Hidesign,2394,480,1149413
01-04-2024,ACC-4005,Tote Bag,Accessories,Hidesign,2402,547,1314398
01-05-2024,ACC-4005,Tote Bag,Accessories,Hidesign,2410,489,1178101
01-06-2024,ACC-4005,Tote Bag,Accessories,Hidesign,2418,529,1279314
01-07-2024,ACC-4005,Tote Bag,Accessories,Hidesign,2426,1008,2444993
01-08-2024,ACC-4005,Tote Bag,Accessories,Hidesign,2433,712,1732244
01-09-2024,ACC-4005,Tote Bag,Accessories,Hidesign,2441,406,989931
01-10-2024,ACC-4005,Tote Bag,Accessories,Hidesign,1960,600,1175342
01-11-2024,ACC-4005,Tote Bag,Accessories,Hidesign,2457,633,1556500
01-12-2024,ACC-4005,Tote Bag,Accessories,Hidesign,2466,625,1541777
01-01-2022,ACC-4006,Belt Classic,Accessories,Voyage,899,1178,1059306
01-02-2022,ACC-4006,Belt Classic,Accessories,Voyage,722,991,715414
01-03-2022,ACC-4006,Belt Classic,Accessories,Voyage,905,1158,1048442
01-04-2022,ACC-4006,Belt Classic,Accessories,Voyage,908,1047,950298
01-05-2022,ACC-4006,Belt Classic,Accessories,Voyage,911,2109,1921337
01-06-2022,ACC-4006,Belt Classic,Accessories,Voyage,914,1422,1299671
01-07-2022,ACC-4006,Belt Classic,Accessories,Voyage,917,1125,1031894
01-08-2022,ACC-4006,Belt Classic,Accessories,Voyage,920,975,896989
01-09-2022,ACC-4006,Belt Classic,Accessories,Voyage,738,1207,891066
01-10-2022,ACC-4006,Belt Classic,Accessories,Voyage,926,1181,1093781
01-11-2022,ACC-4006,Belt Classic,Accessories,Voyage,929,1778,1651432
01-12-2022,ACC-4006,Belt Classic,Accessories,Voyage,932,3092,2882159
01-01-2023,ACC-4006,Belt Classic,Accessories,Voyage,935,124,115817
01-02-2023,ACC-4006,Belt Classic,Accessories,Voyage,938,1441,1352043
01-03-2023,ACC-4006,Belt Classic,Accessories,Voyage,941,1305,1227927
01-04-2023,ACC-4006,Belt Classic,Accessories,Voyage,944,1263,1191825
01-05-2023,ACC-4006,Belt Classic,Accessories,Voyage,947,1342,1270605
01-06-2023,ACC-4006,Belt Classic,Accessories,Voyage,950,1335,1268235
01-07-2023,ACC-4006,Belt Classic,Accessories,Voyage,953,1358,1294043
01-08-2023,ACC-4006,Belt Classic,Accessories,Voyage,957,1028,983757
01-09-2023,ACC-4006,Belt Classic,Accessories,Voyage,960,1021,980329
01-10-2023,ACC-4006,Belt Classic,Accessories,Voyage,963,2293,2208362
01-11-2023,ACC-4006,Belt Classic,Accessories,Voyage,773,2038,1575015
01-12-2023,ACC-4006,Belt Classic,Accessories,Voyage,969,1598,1548266
01-01-2024,ACC-4006,Belt Classic,Accessories,Voyage,972,16,15742
01-02-2024,ACC-4006,Belt Classic,Accessories,Voyage,976,1307,1275453
01-03-2024,ACC-4006,Belt Classic,Accessories,Voyage,979,1311,1283642
01-04-2024,ACC-4006,Belt Classic,Accessories,Voyage,982,1544,1515992
01-05-2024,ACC-4006,Belt Classic,Accessories,Voyage,985,1328,1308299
01-06-2024,ACC-4006,Belt Classic,Accessories,Voyage,988,1668,1648066
01-07-2024,ACC-4006,Belt Classic,Accessories,Voyage,992,1380,1369016
01-08-2024,ACC-4006,Belt Classic,Accessories,Voyage,796,1227,976405
01-09-2024,ACC-4006,Belt Classic,Accessories,Voyage,998,1212,1209500
01-10-2024,ACC-4006,Belt Classic,Accessories,Voyage,1001,1419,1420862
01-11-2024,ACC-4006,Belt Classic,Accessories,Voyage,1005,2139,2149916
01-12-2024,ACC-4006,Belt Classic,Accessories,Voyage,1008,1434,1445450
01-01-2022,ACC-4007,Cap Cotton,Accessories,Voyage,899,1099,987655
01-02-2022,ACC-4007,Cap Cotton,Accessories,Voyage,722,957,691216
01-03-2022,ACC-4007,Cap Cotton,Accessories,Voyage,905,991,896762
01-04-2022,ACC-4007,Cap Cotton,Accessories,Voyage,908,1108,1005644
01-05-2022,ACC-4007,Cap Cotton,Accessories,Voyage,911,1108,1009369
01-06-2022,ACC-4007,Cap Cotton,Accessories,Voyage,914,1103,1007938
01-07-2022,ACC-4007,Cap Cotton,Accessories,Voyage,917,1065,976957
01-08-2022,ACC-4007,Cap Cotton,Accessories,Voyage,920,897,825548
01-09-2022,ACC-4007,Cap Cotton,Accessories,Voyage,923,986,909617
01-10-2022,ACC-4007,Cap Cotton,Accessories,Voyage,926,873,808580
01-11-2022,ACC-4007,Cap Cotton,Accessories,Voyage,929,1231,1143248
01-12-2022,ACC-4007,Cap Cotton,Accessories,Voyage,746,1319,984058
01-01-2023,ACC-4007,Cap Cotton,Accessories,Voyage,935,1103,1031174
01-02-2023,ACC-4007,Cap Cotton,Accessories,Voyage,938,980,919618
01-03-2023,ACC-4007,Cap Cotton,Accessories,Voyage,941,1106,1040558
01-04-2023,ACC-4007,Cap Cotton,Accessories,Voyage,944,1134,1070393
01-05-2023,ACC-4007,Cap Cotton,Accessories,Voyage,758,1157,876957
01-06-2023,ACC-4007,Cap Cotton,Accessories,Voyage,950,1436,1363869
01-07-2023,ACC-4007,Cap Cotton,Accessories,Voyage,953,1230,1171781
01-08-2023,ACC-4007,Cap Cotton,Accessories,Voyage,957,864,826401
01-09-2023,ACC-4007,Cap Cotton,Accessories,Voyage,960,845,811158
01-10-2023,ACC-4007,Cap Cotton,Accessories,Voyage,963,1034,995843
01-11-2023,ACC-4007,Cap Cotton,Accessories,Voyage,966,1420,1371646
01-12-2023,ACC-4007,Cap Cotton,Accessories,Voyage,969,1054,1021739
01-01-2024,ACC-4007,Cap Cotton,Accessories,Voyage,972,1124,1092313
01-02-2024,ACC-4007,Cap Cotton,Accessories,Voyage,976,1172,1144054
01-03-2024,ACC-4007,Cap Cotton,Accessories,Voyage,783,1130,884718
01-04-2024,ACC-4007,Cap Cotton,Accessories,Voyage,982,928,911170
01-05-2024,ACC-4007,Cap Cotton,Accessories,Voyage,985,1025,1009923
01-06-2024,ACC-4007,Cap Cotton,Accessories,Voyage,791,1400,1107033
01-07-2024,ACC-4007,Cap Cotton,Accessories,Voyage,992,47,46683
01-08-2024,ACC-4007,Cap Cotton,Accessories,Voyage,995,1043,1038210
01-09-2024,ACC-4007,Cap Cotton,Accessories,Voyage,998,1115,1112485
01-10-2024,ACC-4007,Cap Cotton,Accessories,Voyage,1001,1257,1258618
01-11-2024,ACC-4007,Cap Cotton,Accessories,Voyage,1005,1336,1343123
01-12-2024,ACC-4007,Cap Cotton,Accessories,Voyage,1008,1360,1371019
01-01-2022,ACC-4008,Sunglasses Aviator,Accessories,Wildcraft,2199,1222,2688069
01-02-2022,ACC-4008,Sunglasses Aviator,Accessories,Wildcraft,1765,1156,2039536
01-03-2022,ACC-4008,Sunglasses Aviator,Accessories,Wildcraft,2213,1191,2636669
01-04-2022,ACC-4008,Sunglasses Aviator,Accessories,Wildcraft,2221,1079,2396182
01-05-2022,ACC-4008,Sunglasses Aviator,Accessories,Wildcraft,2228,1227,2733791
01-06-2022,ACC-4008,Sunglasses Aviator,Accessories,Wildcraft,2235,1111,2483617
01-07-2022,ACC-4008,Sunglasses Aviator,Accessories,Wildcraft,2243,1143,2564273
01-08-2022,ACC-4008,Sunglasses Aviator,Accessories,Wildcraft,2250,964,2169253
01-09-2022,ACC-4008,Sunglasses Aviator,Accessories,Wildcraft,2257,920,2076036
01-10-2022,ACC-4008,Sunglasses Aviator,Accessories,Wildcraft,2265,1295,2933141
01-11-2022,ACC-4008,Sunglasses Aviator,Accessories,Wildcraft,2272,1701,3864210
01-12-2022,ACC-4008,Sunglasses Aviator,Accessories,Wildcraft,2279,13,28894
01-01-2023,ACC-4008,Sunglasses Aviator,Accessories,Wildcraft,2287,1436,3283513
01-02-2023,ACC-4008,Sunglasses Aviator,Accessories,Wildcraft,2294,1486,3409955
01-03-2023,ACC-4008,Sunglasses Aviator,Accessories,Wildcraft,2302,1281,2948075
01-04-2023,ACC-4008,Sunglasses Aviator,Accessories,Wildcraft,2309,141,326173
01-05-2023,ACC-4008,Sunglasses Aviator,Accessories,Wildcraft,2317,1486,3442626
01-06-2023,ACC-4008,Sunglasses Aviator,Accessories,Wildcraft,2325,1782,4143576
01-07-2023,ACC-4008,Sunglasses Aviator,Accessories,Wildcraft,2332,1300,3032076
01-08-2023,ACC-4008,Sunglasses Aviator,Accessories,Wildcraft,2340,890,2082289
01-09-2023,ACC-4008,Sunglasses Aviator,Accessories,Wildcraft,2348,1031,2420708
01-10-2023,ACC-4008,Sunglasses Aviator,Accessories,Wildcraft,2355,1166,2746410
01-11-2023,ACC-4008,Sunglasses Aviator,Accessories,Wildcraft,2363,1622,3831891
01-12-2023,ACC-4008,Sunglasses Aviator,Accessories,Wildcraft,2371,1928,4571408
01-01-2024,ACC-4008,Sunglasses Aviator,Accessories,Wildcraft,2378,1333,3169837
01-02-2024,ACC-4008,Sunglasses Aviator,Accessories,Wildcraft,2386,1342,3201336
01-03-2024,ACC-4008,Sunglasses Aviator,Accessories,Wildcraft,2394,1309,3134697
01-04-2024,ACC-4008,Sunglasses Aviator,Accessories,Wildcraft,2402,1335,3207838
01-05-2024,ACC-4008,Sunglasses Aviator,Accessories,Wildcraft,2410,1356,3268071
01-06-2024,ACC-4008,Sunglasses Aviator,Accessories,Wildcraft,2418,1622,3921556
01-07-2024,ACC-4008,Sunglasses Aviator,Accessories,Wildcraft,2426,1357,3293227
01-08-2024,ACC-4008,Sunglasses Aviator,Accessories,Wildcraft,2433,1248,3035747
01-09-2024,ACC-4008,Sunglasses Aviator,Accessories,Wildcraft,2441,1238,3022251
01-10-2024,ACC-4008,Sunglasses Aviator,Accessories,Wildcraft,2449,1477,3618193
01-11-2024,ACC-4008,Sunglasses Aviator,Accessories,Wildcraft,1966,1890,3715109
01-12-2024,ACC-4008,Sunglasses Aviator,Accessories,Wildcraft,2466,1598,3941834
01-01-2022,ELE-5001,Wireless Earbuds,Electronics,Mi IN,4999,1848,9239822
01-02-2022,ELE-5001,Wireless Earbuds,Electronics,Mi IN,5015,1674,8393187
01-03-2022,ELE-5001,Wireless Earbuds,Electronics,Mi IN,5032,1823,9173652
01-04-2022,ELE-5001,Wireless Earbuds,Electronics,Mi IN,5048,1732,8741853
01-05-2022,ELE-5001,Wireless Earbuds,Electronics,Mi IN,5065,1628,8243386
01-06-2022,ELE-5001,Wireless Earbuds,Electronics,Mi IN,5081,1784,9063488
01-07-2022,ELE-5001,Wireless Earbuds,Electronics,Mi IN,5098,1889,9631698
01-08-2022,ELE-5001,Wireless Earbuds,Electronics,Mi IN,4092,1551,6348519
01-09-2022,ELE-5001,Wireless Earbuds,Electronics,Mi IN,5131,1583,8119823
01-10-2022,ELE-5001,Wireless Earbuds,Electronics,Mi IN,5148,2126,10942911
01-11-2022,ELE-5001,Wireless Earbuds,Electronics,Mi IN,5165,2161,11160440
01-12-2022,ELE-5001,Wireless Earbuds,Electronics,Mi IN,5182,1935,10027047
01-01-2023,ELE-5001,Wireless Earbuds,Electronics,Mi IN,5199,1644,8547549
01-02-2023,ELE-5001,Wireless Earbuds,Electronics,Mi IN,5216,1765,9206437
01-03-2023,ELE-5001,Wireless Earbuds,Electronics,Mi IN,5233,18,95683
01-04-2023,ELE-5001,Wireless Earbuds,Electronics,Mi IN,5250,1822,9564629
01-05-2023,ELE-5001,Wireless Earbuds,Electronics,Mi IN,5267,1993,10498306
01-06-2023,ELE-5001,Wireless Earbuds,Electronics,Mi IN,5285,1959,10353200
01-07-2023,ELE-5001,Wireless Earbuds,Electronics,Mi IN,5302,2087,11063000
01-08-2023,ELE-5001,Wireless Earbuds,Electronics,Mi IN,5319,1725,9175214
01-09-2023,ELE-5001,Wireless Earbuds,Electronics,Mi IN,5337,1751,9343071
01-10-2023,ELE-5001,Wireless Earbuds,Electronics,Mi IN,5354,2049,10969833
01-11-2023,ELE-5001,Wireless Earbuds,Electronics,Mi IN,5372,2933,15754180
01-12-2023,ELE-5001,Wireless Earbuds,Electronics,Mi IN,5389,2004,10800530
01-01-2024,ELE-5001,Wireless Earbuds,Electronics,Mi IN,4326,2073,8967128
01-02-2024,ELE-5001,Wireless Earbuds,Electronics,Mi IN,5425,1925,10443722
01-03-2024,ELE-5001,Wireless Earbuds,Electronics,Mi IN,5442,1854,10090638
01-04-2024,ELE-5001,Wireless Earbuds,Electronics,Mi IN,5460,1992,10875546
01-05-2024,ELE-5001,Wireless Earbuds,Electronics,Mi IN,5478,2121,11617735
01-06-2024,ELE-5001,Wireless Earbuds,Electronics,Mi IN,5496,2030,11155456
01-07-2024,ELE-5001,Wireless Earbuds,Electronics,Mi IN,5514,2318,12783530
01-08-2024,ELE-5001,Wireless Earbuds,Electronics,Mi IN,5532,2036,11262004
01-09-2024,ELE-5001,Wireless Earbuds,Electronics,Mi IN,5550,2079,11537588
01-10-2024,ELE-5001,Wireless Earbuds,Electronics,Mi IN,5568,2700,15035519
01-11-2024,ELE-5001,Wireless Earbuds,Electronics,Mi IN,5587,2767,15461111
01-12-2024,ELE-5001,Wireless Earbuds,Electronics,Mi IN,5605,2555,14319605
01-01-2022,ELE-5002,Smart Speaker,Electronics,boAt,1999,979,1957153
01-02-2022,ELE-5002,Smart Speaker,Electronics,boAt,2507,872,2185226
01-03-2022,ELE-5002,Smart Speaker,Electronics,boAt,2515,842,2118157
01-04-2022,ELE-5002,Smart Speaker,Electronics,boAt,2524,818,2064085
01-05-2022,ELE-5002,Smart Speaker,Electronics,boAt,2532,828,2097102
01-06-2022,ELE-5002,Smart Speaker,Electronics,boAt,2540,938,2382579
01-07-2022,ELE-5002,Smart Speaker,Electronics,boAt,2039,1134,2312476
01-08-2022,ELE-5002,Smart Speaker,Electronics,boAt,2557,906,2316102
01-09-2022,ELE-5002,Smart Speaker,Electronics,boAt,2565,946,2426314
01-10-2022,ELE-5002,Smart Speaker,Electronics,boAt,2574,1013,2607967
01-11-2022,ELE-5002,Smart Speaker,Electronics,boAt,2582,1356,3500533
01-12-2022,ELE-5002,Smart Speaker,Electronics,boAt,2072,1100,2278977
01-01-2023,ELE-5002,Smart Speaker,Electronics,boAt,2079,901,1872572
01-02-2023,ELE-5002,Smart Speaker,Electronics,boAt,2607,1027,2677922
01-03-2023,ELE-5002,Smart Speaker,Electronics,boAt,2616,911,2382945
01-04-2023,ELE-5002,Smart Speaker,Electronics,boAt,2625,817,2145920
01-05-2023,ELE-5002,Smart Speaker,Electronics,boAt,2633,959,2524210
01-06-2023,ELE-5002,Smart Speaker,Electronics,boAt,2642,1231,3253477
01-07-2023,ELE-5002,Smart Speaker,Electronics,boAt,2650,188,498874
01-08-2023,ELE-5002,Smart Speaker,Electronics,boAt,2127,1141,2426212
01-09-2023,ELE-5002,Smart Speaker,Electronics,boAt,2668,56,149356
01-10-2023,ELE-5002,Smart Speaker,Electronics,boAt,2677,1412,3778732
01-11-2023,ELE-5002,Smart Speaker,Electronics,boAt,2685,1239,3326238
01-12-2023,ELE-5002,Smart Speaker,Electronics,boAt,2694,1408,3791899
01-01-2024,ELE-5002,Smart Speaker,Electronics,boAt,2703,1387,3748704
01-02-2024,ELE-5002,Smart Speaker,Electronics,boAt,2169,995,2159069
01-03-2024,ELE-5002,Smart Speaker,Electronics,boAt,2721,1132,3079954
01-04-2024,ELE-5002,Smart Speaker,Electronics,boAt,2730,1118,3053358
01-05-2024,ELE-5002,Smart Speaker,Electronics,boAt,2738,958,2624257
01-06-2024,ELE-5002,Smart Speaker,Electronics,boAt,2747,1214,3333819
01-07-2024,ELE-5002,Smart Speaker,Electronics,boAt,2756,1105,3046417
01-08-2024,ELE-5002,Smart Speaker,Electronics,boAt,2765,1087,3005104
01-09-2024,ELE-5002,Smart Speaker,Electronics,boAt,2775,1027,2850150
01-10-2024,ELE-5002,Smart Speaker,Electronics,boAt,2784,975,2714547
01-11-2024,ELE-5002,Smart Speaker,Electronics,boAt,2793,1394,3892069
01-12-2024,ELE-5002,Smart Speaker,Electronics,boAt,2802,1138,3187745
01-01-2022,ELE-5003,Power Bank 20K,Electronics,Mi IN,2499,1420,3547881
01-02-2022,ELE-5003,Power Bank 20K,Electronics,Mi IN,2006,1114,2233833
01-03-2022,ELE-5003,Power Bank 20K,Electronics,Mi IN,2012,1055,2122903
01-04-2022,ELE-5003,Power Bank 20K,Electronics,Mi IN,2524,1172,2958614
01-05-2022,ELE-5003,Power Bank 20K,Electronics,Mi IN,2532,1118,2831006
01-06-2022,ELE-5003,Power Bank 20K,Electronics,Mi IN,2540,1192,3026789
01-07-2022,ELE-5003,Power Bank 20K,Electronics,Mi IN,2548,1299,3308660
01-08-2022,ELE-5003,Power Bank 20K,Electronics,Mi IN,2557,1129,2886060
01-09-2022,ELE-5003,Power Bank 20K,Electronics,Mi IN,2565,1153,2956301
01-10-2022,ELE-5003,Power Bank 20K,Electronics,Mi IN,2574,1254,3226836
01-11-2022,ELE-5003,Power Bank 20K,Electronics,Mi IN,2582,2840,7333701
01-12-2022,ELE-5003,Power Bank 20K,Electronics,Mi IN,2590,1341,3474393
01-01-2023,ELE-5003,Power Bank 20K,Electronics,Mi IN,2079,1359,2825047
01-02-2023,ELE-5003,Power Bank 20K,Electronics,Mi IN,2607,1270,3311615
01-03-2023,ELE-5003,Power Bank 20K,Electronics,Mi IN,2616,68,177289
01-04-2023,ELE-5003,Power Bank 20K,Electronics,Mi IN,2625,1150,3018358
01-05-2023,ELE-5003,Power Bank 20K,Electronics,Mi IN,2633,1238,3260457
01-06-2023,ELE-5003,Power Bank 20K,Electronics,Mi IN,2642,2717,7178055
01-07-2023,ELE-5003,Power Bank 20K,Electronics,Mi IN,2650,1461,3871307
01-08-2023,ELE-5003,Power Bank 20K,Electronics,Mi IN,2659,1221,3247534
01-09-2023,ELE-5003,Power Bank 20K,Electronics,Mi IN,2668,1218,3249791
01-10-2023,ELE-5003,Power Bank 20K,Electronics,Mi IN,2677,2661,7123794
01-11-2023,ELE-5003,Power Bank 20K,Electronics,Mi IN,2685,1809,4855953
01-12-2023,ELE-5003,Power Bank 20K,Electronics,Mi IN,2694,1374,3700805
01-01-2024,ELE-5003,Power Bank 20K,Electronics,Mi IN,2703,1444,3904081
01-02-2024,ELE-5003,Power Bank 20K,Electronics,Mi IN,2712,1327,3599535
01-03-2024,ELE-5003,Power Bank 20K,Electronics,Mi IN,2721,1333,3626002
01-04-2024,ELE-5003,Power Bank 20K,Electronics,Mi IN,2730,1291,3525201
01-05-2024,ELE-5003,Power Bank 20K,Electronics,Mi IN,2738,1260,3449893
01-06-2024,ELE-5003,Power Bank 20K,Electronics,Mi IN,2747,1517,4168453
01-07-2024,ELE-5003,Power Bank 20K,Electronics,Mi IN,2756,1432,3947799
01-08-2024,ELE-5003,Power Bank 20K,Electronics,Mi IN,2765,1311,3624961
01-09-2024,ELE-5003,Power Bank 20K,Electronics,Mi IN,2775,1257,3486964
01-10-2024,ELE-5003,Power Bank 20K,Electronics,Mi IN,2784,1656,4611579
01-11-2024,ELE-5003,Power Bank 20K,Electronics,Mi IN,2793,1893,5287558
01-12-2024,ELE-5003,Power Bank 20K,Electronics,Mi IN,2802,1609,4509220
01-01-2022,ELE-5004,Fitness Band,Electronics,boAt,1999,1790,3578308
01-02-2022,ELE-5004,Fitness Band,Electronics,boAt,2006,1550,3109011
01-03-2022,ELE-5004,Fitness Band,Electronics,boAt,2012,1598,3214642
01-04-2022,ELE-5004,Fitness Band,Electronics,boAt,2019,1607,3243758
01-05-2022,ELE-5004,Fitness Band,Electronics,boAt,2025,2883,5837230
01-06-2022,ELE-5004,Fitness Band,Electronics,boAt,2032,1866,3791472
01-07-2022,ELE-5004,Fitness Band,Electronics,boAt,2039,1891,3856528
01-08-2022,ELE-5004,Fitness Band,Electronics,boAt,2045,1696,3469144
01-09-2022,ELE-5004,Fitness Band,Electronics,boAt,2052,1671,3428634
01-10-2022,ELE-5004,Fitness Band,Electronics,boAt,2059,2080,4281949
01-11-2022,ELE-5004,Fitness Band,Electronics,boAt,2065,2262,4670805
01-12-2022,ELE-5004,Fitness Band,Electronics,boAt,2072,2067,4281800
01-01-2023,ELE-5004,Fitness Band,Electronics,boAt,2079,1965,4085123
01-02-2023,ELE-5004,Fitness Band,Electronics,boAt,2086,347,723822
01-03-2023,ELE-5004,Fitness Band,Electronics,boAt,1674,2207,3694354
01-04-2023,ELE-5004,Fitness Band,Electronics,boAt,2099,1967,4129641
01-05-2023,ELE-5004,Fitness Band,Electronics,boAt,2106,1930,4063584
01-06-2023,ELE-5004,Fitness Band,Electronics,boAt,2113,2109,4457135
01-07-2023,ELE-5004,Fitness Band,Electronics,boAt,2120,2086,4422561
01-08-2023,ELE-5004,Fitness Band,Electronics,boAt,1702,1966,3346543
01-09-2023,ELE-5004,Fitness Band,Electronics,boAt,2134,2023,4317637
01-10-2023,ELE-5004,Fitness Band,Electronics,boAt,2141,2386,5108742
01-11-2023,ELE-5004,Fitness Band,Electronics,boAt,2148,2463,5291218
01-12-2023,ELE-5004,Fitness Band,Electronics,boAt,2155,2548,5491965
01-01-2024,ELE-5004,Fitness Band,Electronics,boAt,2162,2244,4850842
01-02-2024,ELE-5004,Fitness Band,Electronics,boAt,2169,1987,4310473
01-03-2024,ELE-5004,Fitness Band,Electronics,boAt,2176,2093,4555001
01-04-2024,ELE-5004,Fitness Band,Electronics,boAt,1747,2142,3741989
01-05-2024,ELE-5004,Fitness Band,Electronics,boAt,2191,2270,4973706
01-06-2024,ELE-5004,Fitness Band,Electronics,boAt,2198,2412,5301822
01-07-2024,ELE-5004,Fitness Band,Electronics,boAt,1764,426,750828
01-08-2024,ELE-5004,Fitness Band,Electronics,boAt,2212,2293,5071349
01-09-2024,ELE-5004,Fitness Band,Electronics,boAt,2219,2384,5289771
01-10-2024,ELE-5004,Fitness Band,Electronics,boAt,2227,2688,5985618
01-11-2024,ELE-5004,Fitness Band,Electronics,boAt,2234,2670,5964106
01-12-2024,ELE-5004,Fitness Band,Electronics,boAt,2241,2699,6049299
01-01-2022,ELE-5005,USB-C Hub,Electronics,Noise,1499,769,1152832
01-02-2022,ELE-5005,USB-C Hub,Electronics,Noise,1504,733,1102899
01-03-2022,ELE-5005,USB-C Hub,Electronics,Noise,1207,584,704752
01-04-2022,ELE-5005,USB-C Hub,Electronics,Noise,1514,646,978612
01-05-2022,ELE-5005,USB-C Hub,Electronics,Noise,1519,648,983673
01-06-2022,ELE-5005,USB-C Hub,Electronics,Noise,1524,852,1298195
01-07-2022,ELE-5005,USB-C Hub,Electronics,Noise,1529,839,1283414
01-08-2022,ELE-5005,USB-C Hub,Electronics,Noise,1534,715,1096822
01-09-2022,ELE-5005,USB-C Hub,Electronics,Noise,1539,693,1066612
01-10-2022,ELE-5005,USB-C Hub,Electronics,Noise,1544,832,1284249
01-11-2022,ELE-5005,USB-C Hub,Electronics,Noise,1239,1006,1246381
01-12-2022,ELE-5005,USB-C Hub,Electronics,Noise,1554,853,1325672
01-01-2023,ELE-5005,USB-C Hub,Electronics,Noise,1559,973,1516143
01-02-2023,ELE-5005,USB-C Hub,Electronics,Noise,1564,723,1130459
01-03-2023,ELE-5005,USB-C Hub,Electronics,Noise,1569,790,1239867
01-04-2023,ELE-5005,USB-C Hub,Electronics,Noise,1574,865,1360780
01-05-2023,ELE-5005,USB-C Hub,Electronics,Noise,1579,862,1360532
01-06-2023,ELE-5005,USB-C Hub,Electronics,Noise,1585,833,1320754
01-07-2023,ELE-5005,USB-C Hub,Electronics,Noise,1590,956,1519915
01-08-2023,ELE-5005,USB-C Hub,Electronics,Noise,1595,1051,1675581
01-09-2023,ELE-5005,USB-C Hub,Electronics,Noise,1600,764,1221975
01-10-2023,ELE-5005,USB-C Hub,Electronics,Noise,1605,1054,1691337
01-11-2023,ELE-5005,USB-C Hub,Electronics,Noise,1611,1219,1963747
01-12-2023,ELE-5005,USB-C Hub,Electronics,Noise,1616,954,1542014
01-01-2024,ELE-5005,USB-C Hub,Electronics,Noise,1621,1087,1762620
01-02-2024,ELE-5005,USB-C Hub,Electronics,Noise,1627,990,1611400
01-03-2024,ELE-5005,USB-C Hub,Electronics,Noise,1632,960,1566369
01-04-2024,ELE-5005,USB-C Hub,Electronics,Noise,1637,890,1456999
01-05-2024,ELE-5005,USB-C Hub,Electronics,Noise,1643,928,1525060
01-06-2024,ELE-5005,USB-C Hub,Electronics,Noise,1648,1039,1712282
01-07-2024,ELE-5005,USB-C Hub,Electronics,Noise,1653,1330,2198142
01-08-2024,ELE-5005,USB-C Hub,Electronics,Noise,1659,1098,1821831
01-09-2024,ELE-5005,USB-C Hub,Electronics,Noise,1664,1033,1719214
01-10-2024,ELE-5005,USB-C Hub,Electronics,Noise,1336,1145,1529890
01-11-2024,ELE-5005,USB-C Hub,Electronics,Noise,1675,1281,2145767
01-12-2024,ELE-5005,USB-C Hub,Electronics,Noise,1345,1239,1667080
01-01-2022,ELE-5006,Bluetooth Headphone,Electronics,Noise,3499,1860,6509235
01-02-2022,ELE-5006,Bluetooth Headphone,Electronics,Noise,3510,1777,6236979
01-03-2022,ELE-5006,Bluetooth Headphone,Electronics,Noise,3522,1871,6590619
01-04-2022,ELE-5006,Bluetooth Headphone,Electronics,Noise,3533,1821,6434013
01-05-2022,ELE-5006,Bluetooth Headphone,Electronics,Noise,3545,1842,6531143
01-06-2022,ELE-5006,Bluetooth Headphone,Electronics,Noise,3557,3177,11299791
01-07-2022,ELE-5006,Bluetooth Headphone,Electronics,Noise,3568,1738,6201386
01-08-2022,ELE-5006,Bluetooth Headphone,Electronics,Noise,3580,1611,5765677
01-09-2022,ELE-5006,Bluetooth Headphone,Electronics,Noise,3592,2187,7856863
01-10-2022,ELE-5006,Bluetooth Headphone,Electronics,Noise,3603,4165,15006502
01-11-2022,ELE-5006,Bluetooth Headphone,Electronics,Noise,3615,2709,9793550
01-12-2022,ELE-5006,Bluetooth Headphone,Electronics,Noise,3627,2158,7827545
01-01-2023,ELE-5006,Bluetooth Headphone,Electronics,Noise,3639,76,276403
01-02-2023,ELE-5006,Bluetooth Headphone,Electronics,Noise,3651,1958,7150285
01-03-2023,ELE-5006,Bluetooth Headphone,Electronics,Noise,3663,1750,6410525
01-04-2023,ELE-5006,Bluetooth Headphone,Electronics,Noise,3675,210,771407
01-05-2023,ELE-5006,Bluetooth Headphone,Electronics,Noise,3687,1918,7072982
01-06-2023,ELE-5006,Bluetooth Headphone,Electronics,Noise,3699,2339,8652367
01-07-2023,ELE-5006,Bluetooth Headphone,Electronics,Noise,3711,1905,7067623
01-08-2023,ELE-5006,Bluetooth Headphone,Electronics,Noise,3723,1916,7132831
01-09-2023,ELE-5006,Bluetooth Headphone,Electronics,Noise,3735,2056,7680298
01-10-2023,ELE-5006,Bluetooth Headphone,Electronics,Noise,2998,3751,11244848
01-11-2023,ELE-5006,Bluetooth Headphone,Electronics,Noise,3760,3040,11430537
01-12-2023,ELE-5006,Bluetooth Headphone,Electronics,Noise,3772,2982,11249832
01-01-2024,ELE-5006,Bluetooth Headphone,Electronics,Noise,3785,1946,7365048
01-02-2024,ELE-5006,Bluetooth Headphone,Electronics,Noise,3797,2015,7652835
01-03-2024,ELE-5006,Bluetooth Headphone,Electronics,Noise,3047,1888,5753463
01-04-2024,ELE-5006,Bluetooth Headphone,Electronics,Noise,3822,1762,6734792
01-05-2024,ELE-5006,Bluetooth Headphone,Electronics,Noise,3834,3125,11982449
01-06-2024,ELE-5006,Bluetooth Headphone,Electronics,Noise,3847,2709,10419754
01-07-2024,ELE-5006,Bluetooth Headphone,Electronics,Noise,3859,2504,9662163
01-08-2024,ELE-5006,Bluetooth Headphone,Electronics,Noise,3098,2057,6372500
01-09-2024,ELE-5006,Bluetooth Headphone,Electronics,Noise,3885,1995,7749561
01-10-2024,ELE-5006,Bluetooth Headphone,Electronics,Noise,3897,2058,8019324
01-11-2024,ELE-5006,Bluetooth Headphone,Electronics,Noise,3910,2539,9926002
01-12-2024,ELE-5006,Bluetooth Headphone,Electronics,Noise,3923,2567,10068724
01-01-2022,LIF-6001,Yoga Mat,Lifestyle,Pepper Tap,1299,376,487827
01-02-2022,LIF-6001,Yoga Mat,Lifestyle,Pepper Tap,1303,266,346928
01-03-2022,LIF-6001,Yoga Mat,Lifestyle,Pepper Tap,1308,331,433431
01-04-2022,LIF-6001,Yoga Mat,Lifestyle,Pepper Tap,1312,400,524326
01-05-2022,LIF-6001,Yoga Mat,Lifestyle,Pepper Tap,1316,1,669
01-06-2022,LIF-6001,Yoga Mat,Lifestyle,Pepper Tap,1320,424,559577
01-07-2022,LIF-6001,Yoga Mat,Lifestyle,Pepper Tap,1325,40,52946
01-08-2022,LIF-6001,Yoga Mat,Lifestyle,Pepper Tap,1329,525,697308
01-09-2022,LIF-6001,Yoga Mat,Lifestyle,Pepper Tap,1333,361,480815
01-10-2022,LIF-6001,Yoga Mat,Lifestyle,Pepper Tap,1338,275,367840
01-11-2022,LIF-6001,Yoga Mat,Lifestyle,Pepper Tap,1342,463,621275
01-12-2022,LIF-6001,Yoga Mat,Lifestyle,Pepper Tap,1347,326,439035
01-01-2023,LIF-6001,Yoga Mat,Lifestyle,Pepper Tap,1351,402,542743
01-02-2023,LIF-6001,Yoga Mat,Lifestyle,Pepper Tap,1355,366,496474
01-03-2023,LIF-6001,Yoga Mat,Lifestyle,Pepper Tap,1360,851,1157641
01-04-2023,LIF-6001,Yoga Mat,Lifestyle,Pepper Tap,1364,520,708652
01-05-2023,LIF-6001,Yoga Mat,Lifestyle,Pepper Tap,1369,392,536214
01-06-2023,LIF-6001,Yoga Mat,Lifestyle,Pepper Tap,1373,396,543904
01-07-2023,LIF-6001,Yoga Mat,Lifestyle,Pepper Tap,1378,487,671200
01-08-2023,LIF-6001,Yoga Mat,Lifestyle,Pepper Tap,1382,713,985341
01-09-2023,LIF-6001,Yoga Mat,Lifestyle,Pepper Tap,1387,418,579418
01-10-2023,LIF-6001,Yoga Mat,Lifestyle,Pepper Tap,1391,11,15229
01-11-2023,LIF-6001,Yoga Mat,Lifestyle,Pepper Tap,1396,410,572308
01-12-2023,LIF-6001,Yoga Mat,Lifestyle,Pepper Tap,1400,322,451425
01-01-2024,LIF-6001,Yoga Mat,Lifestyle,Pepper Tap,1405,271,380941
01-02-2024,LIF-6001,Yoga Mat,Lifestyle,Pepper Tap,1410,325,458945
01-03-2024,LIF-6001,Yoga Mat,Lifestyle,Pepper Tap,1414,366,518059
01-04-2024,LIF-6001,Yoga Mat,Lifestyle,Pepper Tap,1419,585,829543
01-05-2024,LIF-6001,Yoga Mat,Lifestyle,Pepper Tap,1423,410,583207
01-06-2024,LIF-6001,Yoga Mat,Lifestyle,Pepper Tap,1428,417,595267
01-07-2024,LIF-6001,Yoga Mat,Lifestyle,Pepper Tap,1433,563,806122
01-08-2024,LIF-6001,Yoga Mat,Lifestyle,Pepper Tap,1150,517,595020
01-09-2024,LIF-6001,Yoga Mat,Lifestyle,Pepper Tap,1442,384,553092
01-10-2024,LIF-6001,Yoga Mat,Lifestyle,Pepper Tap,1447,524,758313
01-11-2024,LIF-6001,Yoga Mat,Lifestyle,Pepper Tap,1452,472,685058
01-12-2024,LIF-6001,Yoga Mat,Lifestyle,Pepper Tap,1456,351,510963
01-01-2022,LIF-6002,Water Bottle,Lifestyle,Urban Edit,799,629,502263
01-02-2022,LIF-6002,Water Bottle,Lifestyle,Urban Edit,802,616,493640
01-03-2022,LIF-6002,Water Bottle,Lifestyle,Urban Edit,643,713,458518
01-04-2022,LIF-6002,Water Bottle,Lifestyle,Urban Edit,807,885,714349
01-05-2022,LIF-6002,Water Bottle,Lifestyle,Urban Edit,648,1075,696917
01-06-2022,LIF-6002,Water Bottle,Lifestyle,Urban Edit,812,1174,953426
01-07-2022,LIF-6002,Water Bottle,Lifestyle,Urban Edit,815,1101,897675
01-08-2022,LIF-6002,Water Bottle,Lifestyle,Urban Edit,817,762,622175
01-09-2022,LIF-6002,Water Bottle,Lifestyle,Urban Edit,656,972,637571
01-10-2022,LIF-6002,Water Bottle,Lifestyle,Urban Edit,823,903,742785
01-11-2022,LIF-6002,Water Bottle,Lifestyle,Urban Edit,826,878,725134
,,,,,,,
,,,,,,,
,,,,,,,
,,,,,,,
,,,,,,,
,,,,,,,
,,,,,,,
,,,,,,,
,,,,,,,
,,,,,,,
,,,,,,,
,,,,,,,
,,,,,,,
,,,,,,,
,,,,,,,
,,,,,,,
,,,,,,,
,,,,,,,
,,,,,,,
,,,,,,,
,,,,,,,
,,,,,,,
,,,,,,,
,,,,,,,
,,,,,,,
,,,,,,,
,,,,,,,
,,,,,,,
,,,,,,,
,,,,,,,
,,,,,,,
,,,,,,,
,,,,,,,
,,,,,,,
,,,,,,,
,,,,,,,
,,,,,,,
,,,,,,,
,,,,,,,
,,,,,,,
,,,,,,,
,,,,,,,
,,,,,,,
,,,,,,,
,,,,,,,
,,,,,,,
,,,,,,,
,,,,,,,
,,,,,,,
,,,,,,,
,,,,,,,
,,,,,,,
,,,,,,,
,,,,,,,
,,,,,,,
,,,,,,,
,,,,,,,
,,,,,,,
,,,,,,,
,,,,,,,
,,,,,,,
,,,,,,,
,,,,,,,
,,,,,,,
,,,,,,,
,,,,,,,
,,,,,,,
,,,,,,,
,,,,,,,
,,,,,,,
,,,,,,,
,,,,,,,
,,,,,,,
,,,,,,,
,,,,,,,
,,,,,,,
,,,,,,,
,,,,,,,
,,,,,,,
,,,,,,,
,,,,,,,
,,,,,,,
,,,,,,,
,,,,,,,
,,,,,,,
,,,,,,,
,,,,,,,
,,,,,,,
,,,,,,,
,,,,,,,
,,,,,,,
,,,,,,,
,,,,,,,
,,,,,,,
,,,,,,,
,,,,,,,
,,,,,,,
,,,,,,,
,,,,,,,
,,,,,,,
,,,,,,,
,,,,,,,
,,,,,,,
,,,,,,,
,,,,,,,
,,,,,,,
,,,,,,,
,,,,,,,
,,,,,,,
,,,,,,,
,,,,,,,
,,,,,,,
,,,,,,,
,,,,,,,
,,,,,,,
,,,,,,,
,,,,,,,
,,,,,,,
,,,,,,,
,,,,,,,
,,,,,,,
,,,,,,,
,,,,,,,
,,,,,,,
,,,,,,,
,,,,,,,
,,,,,,,
,,,,,,,
,,,,,,,
,,,,,,,
,,,,,,,
,,,,,,,
,,,,,,,
,,,,,,,
,,,,,,,
,,,,,,,
,,,,,,,
,,,,,,,
,,,,,,,
,,,,,,,
,,,,,,,
,,,,,,,
,,,,,,,
,,,,,,,
,,,,,,,
,,,,,,,
,,,,,,,
,,,,,,,
,,,,,,,
,,,,,,,
,,,,,,,
,,,,,,,
,,,,,,,
,,,,,,,
,,,,,,,
,,,,,,,
,,,,,,,
,,,,,,,
,,,,,,,
,,,,,,,
,,,,,,,
,,,,,,,
,,,,,,,
,,,,,,,
,,,,,,,
,,,,,,,
,,,,,,,
,,,,,,,
,,,,,,,
,,,,,,,
,,,,,,,
,,,,,,,
,,,,,,,
,,,,,,,
,,,,,,,
,,,,,,,
,,,,,,,
,,,,,,,
,,,,,,,
,,,,,,,
,,,,,,,
,,,,,,,
,,,,,,,
,,,,,,,
,,,,,,,
,,,,,,,
,,,,,,,
,,,,,,,
,,,,,,,
,,,,,,,
,,,,,,,
,,,,,,,
,,,,,,,
,,,,,,,
,,,,,,,
,,,,,,,
,,,,,,,
,,,,,,,
,,,,,,,
,,,,,,,
,,,,,,,
,,,,,,,
,,,,,,,
,,,,,,,
,,,,,,,
,,,,,,,
,,,,,,,
,,,,,,,
,,,,,,,
,,,,,,,
,,,,,,,
,,,,,,,
,,,,,,,
,,,,,,,
,,,,,,,
,,,,,,,
,,,,,,,
,,,,,,,
,,,,,,,
,,,,,,,
,,,,,,,
,,,,,,,
,,,,,,,
,,,,,,,
,,,,,,,
,,,,,,,
,,,,,,,
,,,,,,,
,,,,,,,
,,,,,,,
,,,,,,,
,,,,,,,
,,,,,,,
,,,,,,,
,,,,,,,
,,,,,,,
,,,,,,,
,,,,,,,
,,,,,,,
,,,,,,,
,,,,,,,
,,,,,,,
,,,,,,,
,,,,,,,
,,,,,,,
,,,,,,,
,,,,,,,
,,,,,,,
,,,,,,,
,,,,,,,
,,,,,,,
,,,,,,,
,,,,,,,
,,,,,,,
,,,,,,,
,,,,,,,
,,,,,,,
,,,,,,,
,,,,,,,
,,,,,,,
,,,,,,,
,,,,,,,
,,,,,,,
,,,,,,,
,,,,,,,
,,,,,,,
,,,,,,,
,,,,,,,
,,,,,,,
,,,,,,,
,,,,,,,
,,,,,,,
,,,,,,,
,,,,,,,
,,,,,,,
,,,,,,,
,,,,,,,
,,,,,,,
,,,,,,,
,,,,,,,
,,,,,,,
,,,,,,,
,,,,,,,
,,,,,,,
,,,,,,,
,,,,,,,
,,,,,,,
,,,,,,,
,,,,,,,
,,,,,,,
,,,,,,,
,,,,,,,
,,,,,,,
,,,,,,,
,,,,,,,
,,,,,,,
,,,,,,,
,,,,,,,
,,,,,,,
,,,,,,,
,,,,,,,
,,,,,,,
,,,,,,,
,,,,,,,
,,,,,,,
,,,,,,,
,,,,,,,
,,,,,,,
,,,,,,,
,,,,,,,
,,,,,,,
,,,,,,,
,,,,,,,
,,,,,,,
,,,,,,,
,,,,,,,
,,,,,,,
,,,,,,,
,,,,,,,
,,,,,,,
,,,,,,,
,,,,,,,
,,,,,,,
,,,,,,,
,,,,,,,
,,,,,,,
,,,,,,,
,,,,,,,
,,,,,,,
,,,,,,,
,,,,,,,
,,,,,,,
,,,,,,,
,,,,,,,
,,,,,,,
,,,,,,,
,,,,,,,
,,,,,,,
,,,,,,,
,,,,,,,
,,,,,,,
,,,,,,,
,,,,,,,
,,,,,,,
,,,,,,,
,,,,,,,
,,,,,,,
,,,,,,,
,,,,,,,
,,,,,,,
,,,,,,,
,,,,,,,
,,,,,,,
,,,,,,,
,,,,,,,
,,,,,,,
,,,,,,,
,,,,,,,
,,,,,,,
,,,,,,,
,,,,,,,
,,,,,,,
,,,,,,,
,,,,,,,
,,,,,,,
,,,,,,,
,,,,,,,
,,,,,,,
,,,,,,,
,,,,,,,
,,,,,,,
,,,,,,,
,,,,,,,
,,,,,,,
,,,,,,,
,,,,,,,
,,,,,,,
,,,,,,,
,,,,,,,
,,,,,,,
,,,,,,,
,,,,,,,
,,,,,,,
,,,,,,,
,,,,,,,
,,,,,,,
,,,,,,,
,,,,,,,
,,,,,,,
,,,,,,,
,,,,,,,
,,,,,,,
,,,,,,,
,,,,,,,
,,,,,,,
,,,,,,,
,,,,,,,
,,,,,,,
,,,,,,,
,,,,,,,
,,,,,,,
,,,,,,,
,,,,,,,
,,,,,,,
,,,,,,,
,,,,,,,
,,,,,,,
,,,,,,,
,,,,,,,
,,,,,,,
,,,,,,,
,,,,,,,
,,,,,,,
,,,,,,,
,,,,,,,
,,,,,,,
,,,,,,,
,,,,,,,
,,,,,,,
,,,,,,,
,,,,,,,
,,,,,,,
,,,,,,,
,,,,,,,
,,,,,,,
,,,,,,,
,,,,,,,
,,,,,,,
,,,,,,,
,,,,,,,
,,,,,,,
,,,,,,,
,,,,,,,
,,,,,,,
,,,,,,,
,,,,,,,
,,,,,,,
,,,,,,,
,,,,,,,
,,,,,,,
,,,,,,,
,,,,,,,
,,,,,,,
,,,,,,,
,,,,,,,
,,,,,,,
,,,,,,,
,,,,,,,
,,,,,,,
,,,,,,,
,,,,,,,
,,,,,,,
,,,,,,,
,,,,,,,
,,,,,,,
,,,,,,,
,,,,,,,
,,,,,,,
,,,,,,,
,,,,,,,
,,,,,,,
,,,,,,,
,,,,,,,
,,,,,,,
,,,,,,,
,,,,,,,
,,,,,,,
,,,,,,,
,,,,,,,
,,,,,,,
,,,,,,,
,,,,,,,
,,,,,,,
,,,,,,,
,,,,,,,
,,,,,,,
,,,,,,,
,,,,,,,
,,,,,,,
,,,,,,,
,,,,,,,
,,,,,,,
,,,,,,,
,,,,,,,
,,,,,,,
,,,,,,,
,,,,,,,
,,,,,,,
,,,,,,,
,,,,,,,
,,,,,,,
,,,,,,,
,,,,,,,
,,,,,,,
,,,,,,,
,,,,,,,
,,,,,,,
,,,,,,,
,,,,,,,
,,,,,,,
,,,,,,,
,,,,,,,
,,,,,,,
,,,,,,,
,,,,,,,
,,,,,,,
,,,,,,,
,,,,,,,
,,,,,,,
,,,,,,,
,,,,,,,
,,,,,,,
,,,,,,,
,,,,,,,
,,,,,,,
,,,,,,,
,,,,,,,
,,,,,,,
,,,,,,,
,,,,,,,
,,,,,,,
,,,,,,,
,,,,,,,
,,,,,,,
,,,,,,,
,,,,,,,
,,,,,,,
,,,,,,,
,,,,,,,
,,,,,,,
,,,,,,,
,,,,,,,
,,,,,,,
,,,,,,,
,,,,,,,
,,,,,,,
,,,,,,,
,,,,,,,
,,,,,,,
,,,,,,,
,,,,,,,
,,,,,,,
,,,,,,,
,,,,,,,
,,,,,,,
,,,,,,,
,,,,,,,
,,,,,,,
,,,,,,,
,,,,,,,
,,,,,,,
,,,,,,,
,,,,,,,
,,,,,,,
,,,,,,,
,,,,,,,
,,,,,,,
,,,,,,,
,,,,,,,
,,,,,,,
,,,,,,,
,,,,,,,
,,,,,,,
,,,,,,,
,,,,,,,
,,,,,,,
,,,,,,,
,,,,,,,
,,,,,,,
,,,,,,,
,,,,,,,
,,,,,,,
,,,,,,,
,,,,,,,
,,,,,,,
,,,,,,,
,,,,,,,
,,,,,,,
,,,,,,,
,,,,,,,
,,,,,,,
,,,,,,,
,,,,,,,
,,,,,,,
,,,,,,,
,,,,,,,
,,,,,,,
,,,,,,,
,,,,,,,
,,,,,,,
,,,,,,,
,,,,,,,
,,,,,,,
,,,,,,,
,,,,,,,
,,,,,,,
,,,,,,,
,,,,,,,
,,,,,,,
,,,,,,,
,,,,,,,
